ir_L,ir_R,degree
2.6,17.5,47.46
2.5,16.5,47.41
2.7,15.7,47.43
2.7,15.5,55.86
2.5,15.1,71.54
2.5,15.3,75.07
2.6,16.2,77.31
2.7,16.6,77.31
2.8,16.9,77.13
2.9,17.8,76.64
2.9,18.3,74.4
3.0,19.2,72.73
3.3,19.5,67.19
3.7,20.4,67.23
4.7,20.9,67.19
7.0,21.7,64.37
13.9,22.1,62.56
19.2,22.7,54.53
26.6,22.9,54.35
26.0,22.9,54.39
27.8,23.6,54.44
26.8,23.8,54.4
22.9,23.3,54.43
20.4,23.9,54.45
16.1,24.1,54.43
14.1,24.6,54.36
13.2,24.6,54.45
12.7,25.5,54.43
12.8,25.3,54.44
13.4,25.7,54.5
14.9,25.9,54.41
15.3,26.5,50.68
14.5,26.4,50.64
13.0,26.3,50.67
11.3,26.3,50.65
10.9,27.2,50.69
11.7,27.3,50.63
14.0,27.8,50.67
15.1,27.8,50.67
15.1,27.3,50.73
13.8,28.0,50.69
12.0,28.2,50.63
11.6,28.0,50.7
12.8,28.5,50.63
14.0,28.4,50.71
15.6,28.8,50.7
16.2,29.0,50.74
17.9,29.5,50.66
19.5,30.2,50.68
22.0,30.1,50.71
23.3,30.2,50.7
24.1,30.3,50.67
24.6,29.7,50.68
24.4,26.9,50.67
23.4,22.7,50.68
23.5,14.4,50.71
23.6,10.4,50.67
23.6,9.7,50.69
23.6,12.8,50.62
23.2,20.2,47.24
22.7,25.0,46.78
22.5,28.4,43.12
22.3,29.0,42.09
22.2,30.3,42.1
22.3,30.5,42.09
22.6,31.3,42.16
22.5,31.9,42.17
22.6,31.3,42.08
22.1,30.4,42.11
21.7,27.3,42.09
21.0,26.4,42.11
20.5,25.6,42.12
20.2,25.0,42.12
20.0,25.9,42.11
19.8,27.3,42.11
19.6,29.1,42.09
19.4,30.0,42.12
19.4,30.6,42.1
19.5,33.5,42.21
19.2,34.9,42.17
19.1,35.5,42.06
18.7,36.6,36.71
17.8,34.3,34.39
16.1,31.0,33.41
14.8,26.3,33.48
12.6,24.5,33.42
11.0,25.5,33.46
7.7,25.0,33.41
6.1,22.2,33.4
4.8,21.2,33.39
4.4,19.6,33.47
3.9,17.7,33.48
3.9,16.2,33.44
3.6,15.3,33.44
3.5,13.8,36.57
3.5,12.5,46.17
3.5,11.7,46.82
3.3,11.4,46.85
3.1,11.2,46.65
3.0,10.9,46.71
3.1,10.7,35.92
3.0,10.1,31.56
3.1,9.6,31.4
3.0,8.5,31.48
3.1,7.8,31.37
3.2,6.3,28.94
3.3,5.3,28.32
3.4,4.3,28.46
3.5,3.9,28.34
3.7,3.6,28.31
3.8,3.7,28.35
4.0,4.0,28.36
4.3,4.0,28.62
4.4,4.0,28.38
4.7,3.9,28.48
4.8,3.9,28.43
5.1,3.9,28.38
5.3,4.2,28.48
5.7,4.8,28.38
5.9,5.3,28.37
6.4,5.9,28.32
6.9,6.0,28.4
7.3,6.5,28.46
7.4,6.9,28.4
7.9,7.6,28.25
8.2,8.1,28.33
8.8,8.4,28.37
9.5,7.6,28.37
10.2,6.1,28.43
11.0,5.9,28.35
11.7,5.7,28.34
12.5,5.2,28.37
12.9,6.0,34.17
13.2,8.0,37.89
13.2,11.0,40.22
13.4,12.6,40.19
13.4,14.1,40.19
13.3,14.6,40.26
13.3,15.2,40.2
13.5,15.3,40.16
13.8,15.1,40.04
13.9,14.8,39.98
13.7,15.2,39.95
13.6,16.6,39.6
13.5,17.2,36.61
13.5,17.9,33.57
13.3,18.2,24.53
12.9,18.2,22.81
14.1,18.3,22.8
15.7,17.8,22.83
19.1,17.0,22.8
22.4,16.3,28.31
31.9,16.1,39.94
20.9,15.4,41.79
16.0,15.1,41.79
14.5,14.9,41.68
11.5,14.8,41.66
9.2,14.8,41.64
6.6,14.9,41.63
5.5,14.7,41.64
4.1,14.6,41.64
3.6,15.1,41.64
3.1,16.6,41.67
2.7,16.7,41.62
2.6,16.1,41.61
2.8,16.0,41.61
2.8,15.5,41.54
2.4,15.2,36.64
2.4,14.7,36.3
2.6,13.9,35.69
2.6,13.3,32.09
2.6,12.6,32.03
2.4,11.5,28.5
2.4,10.4,26.87
2.8,9.3,26.9
2.9,8.6,26.93
2.6,7.6,26.88
2.7,7.0,23.13
3.0,6.2,10.8
3.2,5.4,3.55
3.6,4.4,0.14
4.1,5.7,0.03
4.4,9.0,0.09
4.9,12.9,0.14
5.2,16.8,0.02
5.9,19.8,0.15
6.6,22.3,0.03
8.5,24.3,0.11
10.2,24.2,0.03
14.9,24.4,4.62
18.3,23.6,41.06
20.6,22.5,41.35
17.9,22.6,43.49
16.0,22.6,47.23
16.4,22.5,47.24
17.7,22.2,47.21
21.6,22.4,47.24
24.1,22.3,47.22
26.3,22.0,47.23
24.1,21.6,47.24
18.1,22.0,47.25
15.9,21.7,48.57
17.1,21.9,50.21
19.0,21.8,50.17
23.0,21.5,50.16
26.0,22.0,50.12
27.3,22.0,50.18
26.0,21.9,50.07
26.2,21.4,49.33
29.9,20.7,49.31
36.7,20.2,49.26
38.9,19.3,47.22
39.1,17.6,46.98
39.2,16.5,42.96
38.5,16.5,42.85
38.9,17.5,38.57
39.3,18.8,38.54
39.2,19.4,38.57
39.9,19.7,38.56
40.8,19.8,38.52
41.3,19.8,40.21
42.4,20.0,40.26
43.1,20.2,42.87
43.7,20.0,42.96
43.5,20.0,43.89
43.8,20.0,43.83
44.2,20.0,45.5
44.8,19.9,45.36
45.2,19.9,45.69
44.9,19.9,46.7
44.8,19.9,46.7
43.6,20.0,46.69
43.9,19.8,48.11
41.1,19.8,48.16
38.9,20.1,49.54
36.6,20.1,49.54
35.0,19.9,49.51
34.8,20.1,49.52
33.9,20.4,49.58
33.6,20.5,49.5
32.2,20.6,49.46
31.9,20.6,49.4
32.2,20.7,49.41
32.5,21.2,49.41
34.0,23.1,49.41
33.7,23.6,49.41
32.7,23.3,49.42
28.0,23.5,49.58
18.4,24.4,49.39
11.4,24.0,49.41
6.1,24.3,49.45
4.5,24.1,49.41
3.8,24.2,49.45
3.3,24.9,49.47
3.2,26.0,49.37
3.2,23.3,49.24
3.2,23.7,46.15
3.1,22.7,44.6
2.9,21.9,44.61
2.9,22.1,43.63
2.9,22.1,42.88
2.9,22.2,39.86
2.8,22.1,39.22
2.7,22.0,38.61
2.8,21.6,36.6
2.8,20.9,36.43
2.8,20.0,35.3
2.8,19.9,31.18
2.8,19.3,28.51
2.8,18.5,25.66
2.9,16.8,14.21
2.9,15.3,6.98
2.7,9.7,0.1
2.6,7.2,0.03
2.8,5.0,0.13
3.1,5.3,0.03
3.3,5.2,0.04
3.9,4.3,0.62
4.2,4.5,4.66
4.8,5.6,7.51
5.2,6.9,12.93
5.7,9.0,22.56
5.7,10.4,26.27
6.2,11.8,27.89
6.6,12.9,33.98
7.2,14.1,37.14
7.4,14.8,39.03
8.1,15.6,38.98
8.6,16.3,39.1
9.1,17.1,38.14
9.8,17.6,30.64
10.0,18.5,26.17
10.9,19.3,25.48
11.8,20.1,25.42
13.3,20.5,22.82
14.1,20.8,22.54
15.1,19.9,22.4
16.2,15.7,22.46
18.5,16.9,22.41
19.9,20.0,24.91
22.3,19.5,34.64
23.6,18.7,48.96
24.1,18.1,50.15
24.8,17.4,50.79
25.0,16.9,52.52
24.5,16.3,55.9
24.7,15.4,59.65
26.0,14.9,60.34
25.7,14.2,61.31
24.6,13.8,61.11
23.4,13.4,59.88
23.9,13.3,59.43
23.8,13.7,59.37
23.5,14.1,54.67
20.7,15.1,50.47
16.6,15.8,49.09
13.7,16.1,49.05
9.3,15.9,49.08
6.9,15.5,43.48
4.4,15.3,41.68
3.7,15.2,41.6
3.0,15.6,41.66
3.0,16.1,41.62
2.9,16.2,41.68
2.6,16.6,41.63
2.6,16.7,41.67
2.6,17.0,41.64
2.6,16.9,39.53
2.5,17.0,39.36
2.5,16.7,39.38
2.5,16.6,39.4
2.5,16.2,39.49
2.7,16.0,39.41
2.6,15.6,39.36
2.4,15.7,37.61
2.5,15.1,36.21
2.5,14.5,36.02
2.4,13.8,35.95
2.3,13.5,35.13
2.4,13.0,34.56
2.4,12.7,31.56
2.5,11.8,26.1
2.4,11.0,26.1
2.4,9.6,26.11
2.4,9.0,26.1
2.6,7.9,23.55
2.8,7.2,12.36
2.7,6.3,0.67
3.0,5.4,0.03
3.4,6.0,0.08
3.9,8.6,0.08
4.3,13.0,0.1
4.9,19.4,0.02
5.3,22.4,0.12
6.2,25.4,0.04
6.9,26.2,0.48
8.3,25.6,5.79
9.8,26.0,18.18
12.7,24.3,18.12
16.2,22.5,26.97
16.9,20.0,38.92
14.1,18.8,40.72
13.1,18.1,48.82
13.8,17.7,50.36
15.5,17.4,56.62
21.0,17.0,63.79
26.3,17.0,66.0
25.6,17.0,66.05
18.3,17.2,66.09
15.5,17.2,66.03
19.4,17.7,66.01
27.1,17.8,66.01
26.4,17.7,66.03
27.6,17.2,66.03
33.6,16.2,66.04
38.5,14.4,62.71
38.3,12.5,57.41
37.4,9.4,57.48
37.3,8.0,57.52
37.3,8.1,57.49
38.5,9.4,57.5
38.8,12.2,57.52
38.9,13.9,57.49
39.2,15.9,58.07
39.0,16.6,58.04
38.1,17.3,59.66
37.6,17.7,59.7
38.2,17.9,59.62
38.3,18.0,59.63
38.5,18.2,59.61
38.1,18.3,59.61
37.6,17.7,59.63
37.1,17.2,59.61
36.8,16.3,59.48
35.2,15.9,59.48
34.1,15.5,59.47
32.0,15.0,59.47
30.9,15.0,59.39
30.1,15.3,59.26
29.8,16.0,58.66
30.2,17.1,57.74
29.3,17.7,57.76
29.4,18.5,57.75
28.3,19.3,57.74
28.2,20.1,57.73
28.8,20.6,57.78
28.4,21.2,57.74
28.0,20.5,57.75
26.0,20.2,57.74
20.3,19.6,57.76
15.6,18.6,57.83
9.4,17.9,57.73
6.7,17.1,57.74
4.5,18.0,57.73
3.8,18.8,57.76
3.3,18.5,57.63
3.3,17.8,57.67
3.1,17.6,57.65
3.0,17.6,57.66
3.0,18.8,57.63
2.9,17.6,56.15
2.9,17.3,54.95
3.0,18.5,51.0
3.0,18.5,49.2
2.9,18.2,49.15
2.8,16.3,49.17
2.8,15.5,45.97
2.7,15.2,45.36
2.7,15.2,45.2
2.7,15.1,40.0
2.7,15.1,38.48
2.8,14.7,38.48
2.8,14.4,38.47
2.7,13.7,38.53
2.7,13.3,38.51
2.7,12.7,38.55
2.7,12.2,38.54
2.6,11.7,38.46
2.6,11.3,38.47
2.6,10.6,34.77
2.6,9.9,33.14
2.7,8.6,32.44
2.7,6.8,31.41
2.6,6.0,28.7
2.5,5.1,26.2
2.6,4.6,26.31
2.6,4.3,26.26
2.5,4.6,25.12
2.5,5.2,23.16
2.4,5.2,23.04
2.5,4.6,17.07
2.6,4.4,11.32
2.6,5.6,5.99
3.0,7.3,0.44
3.6,9.3,0.14
4.5,10.5,0.03
5.1,13.4,0.03
5.7,14.7,0.07
6.1,12.5,0.15
7.5,8.3,0.07
8.5,7.2,0.05
10.0,6.7,0.03
11.6,10.1,4.78
16.9,19.3,31.05
20.1,16.4,40.59
21.7,14.0,46.76
22.3,14.3,46.93
19.6,15.2,46.91
16.2,16.0,46.87
16.5,17.1,46.89
17.3,17.4,46.88
17.4,18.0,46.89
17.9,18.1,46.94
18.1,18.0,46.89
18.6,17.8,46.88
18.7,17.6,46.86
18.5,17.4,46.88
18.6,17.3,46.86
18.7,17.3,46.92
18.8,17.4,46.86
18.8,17.4,46.9
18.6,17.5,46.88
18.7,17.5,46.84
18.5,17.4,46.93
18.6,17.2,46.86
18.6,17.2,46.85
20.0,17.2,46.86
20.4,17.3,46.88
28.6,17.2,46.83
17.2,17.2,46.89
12.6,17.2,46.84
10.2,17.3,46.88
7.4,17.4,46.92
5.8,17.3,46.92
4.6,17.3,46.85
3.4,17.5,46.78
3.0,17.6,46.9
2.7,17.8,46.64
2.8,18.3,46.75
2.7,19.8,44.81
2.4,20.6,42.08
2.3,21.1,39.29
2.5,21.2,38.68
2.4,20.4,37.52
2.5,20.1,34.99
2.4,20.1,34.87
2.4,19.3,25.55
2.4,18.8,16.35
2.7,17.8,0.5
2.7,13.9,0.07
2.3,11.3,0.02
2.6,8.8,0.04
3.0,7.5,0.02
3.3,6.5,0.09
3.4,5.5,0.03
3.9,4.7,0.06
4.5,5.6,0.05
5.2,8.4,0.04
6.1,12.2,0.05
6.7,16.4,0.03
8.4,18.3,0.14
9.5,19.7,0.04
11.8,20.6,14.58
13.7,21.0,16.37
17.8,20.9,19.84
21.4,20.7,27.96
28.1,19.8,31.86
31.6,19.6,34.29
27.4,18.8,34.3
22.8,18.6,34.34
19.3,18.1,34.37
19.4,17.1,34.18
22.5,16.6,20.29
23.9,16.0,55.29
28.8,15.0,61.42
41.9,14.9,72.48
29.2,15.3,76.29
22.0,15.5,76.23
25.5,16.4,76.1
37.3,16.8,64.7
31.3,17.5,54.47
29.4,17.2,54.51
36.0,16.9,54.49
45.0,16.6,54.5
48.7,15.8,54.49
51.1,14.8,54.48
52.4,13.7,54.56
51.8,13.5,54.49
50.9,14.1,54.5
50.8,14.7,54.51
50.1,15.4,54.52
50.8,15.6,54.55
50.7,16.1,54.58
50.1,16.3,54.63
49.7,16.5,54.54
48.8,16.5,54.56
48.6,16.9,54.55
47.5,17.1,54.51
46.5,17.4,54.59
45.4,17.5,54.55
45.1,17.7,54.54
44.6,18.1,51.7
44.0,18.2,48.91
43.0,18.5,48.91
42.0,18.6,44.84
39.6,18.9,42.89
37.8,19.1,41.0
35.9,19.4,40.36
33.9,19.4,40.31
33.7,19.4,40.41
33.6,19.6,40.46
33.1,19.5,40.73
32.6,19.6,40.67
32.1,19.6,40.67
30.1,19.6,40.66
29.9,19.9,40.65
30.8,20.1,40.67
33.0,20.2,40.66
33.6,21.0,40.56
32.4,22.1,40.33
27.5,22.5,40.19
22.8,23.1,40.22
13.3,22.6,40.21
9.0,22.4,40.18
5.3,22.4,40.18
4.3,22.1,40.24
3.8,21.9,40.19
3.8,23.0,40.21
3.6,21.1,38.72
3.3,20.0,37.03
3.3,17.8,36.95
3.3,17.4,36.99
3.4,16.9,37.02
3.1,16.4,37.0
3.1,15.9,37.1
3.1,15.6,37.01
3.2,14.9,36.98
3.2,14.3,37.02
3.0,13.6,36.97
3.0,13.0,37.0
3.0,12.2,36.98
3.1,11.5,37.01
3.1,10.1,37.11
2.9,9.1,36.95
2.9,8.2,33.98
2.9,7.0,33.06
2.9,6.2,32.07
2.9,5.6,32.01
2.7,5.2,29.35
2.8,4.7,28.49
2.8,4.6,28.54
2.8,5.2,18.61
2.8,5.6,4.6
2.8,4.9,0.11
3.3,4.3,0.03
4.0,5.5,0.04
4.9,6.7,0.05
4.9,8.6,0.11
6.2,10.3,9.08
7.1,13.0,12.19
8.0,14.2,12.63
8.4,16.1,30.08
9.3,16.6,32.67
10.1,17.4,35.27
11.3,17.6,37.88
12.2,18.4,38.47
13.3,18.6,38.77
14.0,19.0,40.64
14.5,19.3,40.63
14.7,19.5,43.94
15.0,19.4,45.83
14.8,19.1,45.96
14.5,18.2,35.47
14.3,17.4,31.95
14.4,17.4,30.77
15.4,19.8,30.73
15.9,22.2,30.7
16.9,22.7,30.8
17.6,22.4,32.82
18.3,22.3,33.77
18.3,21.6,33.72
18.8,21.2,33.79
19.3,19.2,33.81
20.1,17.4,33.75
20.5,15.3,33.89
21.0,14.8,43.1
21.5,16.0,58.27
19.9,17.0,58.7
17.6,17.6,58.64
13.5,17.6,58.61
11.3,17.2,58.62
7.5,16.6,58.59
5.7,16.4,58.63
3.8,16.7,58.56
3.0,17.1,58.6
2.7,17.9,58.54
2.6,18.5,58.64
2.8,19.2,58.57
2.7,19.3,58.57
2.5,20.0,57.89
2.4,20.4,48.44
2.5,20.7,30.19
2.5,20.7,20.33
2.4,20.0,0.55
2.4,19.0,0.04
2.4,15.5,0.06
2.5,13.2,0.04
2.8,9.9,0.19
3.1,8.1,0.12
3.4,6.0,0.04
4.3,5.5,0.13
4.8,4.4,0.03
6.0,3.9,7.3
6.9,4.6,25.88
8.4,6.2,26.04
9.1,7.7,26.02
10.2,9.1,26.03
11.0,9.7,26.06
12.9,10.6,26.09
14.3,11.0,26.1
16.4,11.6,25.99
18.2,11.9,33.28
17.5,12.3,34.88
12.5,12.6,34.79
11.3,12.8,40.83
12.2,13.2,42.36
12.3,13.5,42.33
14.4,13.7,42.31
18.4,13.8,42.27
24.4,14.1,42.36
24.8,14.4,42.35
19.9,14.4,42.39
15.4,14.6,42.32
12.7,14.7,42.3
13.1,14.9,42.35
15.1,15.2,42.34
18.7,15.2,42.32
25.3,15.5,42.3
25.2,15.6,42.4
22.7,15.8,42.3
25.1,15.8,42.3
29.9,15.9,42.34
36.8,16.0,42.31
38.6,16.2,42.28
38.9,16.3,42.33
37.6,16.6,42.16
36.2,16.5,39.6
35.1,16.5,36.4
34.7,16.1,35.81
35.4,12.9,33.33
36.4,9.8,33.23
37.6,7.6,33.37
38.1,8.7,33.51
39.4,12.2,33.53
40.8,13.9,33.77
41.7,14.8,33.85
43.9,15.4,36.54
44.0,15.6,39.02
46.3,15.6,39.17
47.0,15.1,39.09
48.1,14.0,39.11
48.5,13.4,39.07
48.7,12.6,39.65
48.5,12.4,40.44
46.5,12.7,40.4
43.1,12.9,40.34
41.9,13.4,41.69
41.9,13.9,44.06
42.3,14.4,50.37
41.0,14.7,55.63
40.6,15.2,55.7
39.6,15.6,55.77
37.9,15.9,55.69
38.5,15.9,55.7
38.9,15.6,55.69
39.7,15.3,55.79
40.1,14.8,55.73
33.3,14.7,55.71
25.6,14.4,55.79
12.0,13.8,55.7
7.4,13.7,55.66
4.8,14.2,55.74
4.2,15.2,55.69
3.8,14.6,55.68
3.7,14.0,55.59
3.5,14.3,55.59
3.4,14.6,55.63
3.4,14.0,55.73
3.3,14.6,59.49
3.2,14.1,59.74
3.1,14.0,59.67
3.0,14.4,59.69
3.0,14.7,59.72
3.0,14.5,59.57
2.9,13.4,59.29
2.8,12.9,54.52
2.7,12.8,43.46
2.8,13.0,17.31
2.8,12.9,10.18
2.8,12.2,9.35
2.9,10.3,9.38
2.8,8.9,9.39
2.9,6.3,9.4
3.0,4.8,9.42
3.6,3.6,9.4
3.8,3.6,9.59
4.5,3.8,17.82
5.7,3.7,20.12
6.4,3.9,29.51
7.3,4.1,34.98
7.5,4.6,35.13
7.6,4.9,35.05
7.8,5.1,35.03
7.9,5.1,35.08
7.9,5.3,34.91
8.1,5.6,29.73
8.3,6.0,18.62
8.9,6.4,15.3
9.6,7.0,13.06
11.4,6.6,13.05
12.7,5.4,13.1
15.1,5.2,13.14
17.3,4.7,21.65
21.6,8.1,32.44
24.7,9.8,34.14
23.2,10.1,34.84
24.8,9.9,34.85
25.7,9.7,34.9
24.7,9.7,34.82
26.2,10.2,34.84
26.6,10.7,34.94
28.3,11.1,36.69
29.1,10.9,43.88
28.6,10.9,48.14
29.0,11.0,48.16
29.5,11.0,48.18
29.6,10.9,48.2
29.3,11.0,48.23
28.6,11.0,48.21
28.9,11.1,48.17
28.0,11.0,48.15
29.0,11.0,48.15
39.4,10.9,48.12
35.9,11.0,48.19
44.9,11.0,48.12
23.0,11.0,48.12
13.5,11.0,48.14
9.8,11.1,48.13
5.6,11.1,48.12
4.3,11.2,48.13
3.7,11.2,48.16
3.4,11.0,48.24
2.8,11.1,48.14
2.6,11.3,48.11
2.7,11.4,47.95
2.8,11.5,47.9
3.0,12.0,47.87
2.5,12.5,45.26
2.5,12.7,42.21
2.6,13.0,40.14
2.7,13.2,35.99
2.9,12.9,32.93
2.4,12.9,22.38
2.4,12.8,12.61
2.6,12.2,0.27
2.7,11.4,0.05
2.9,8.9,0.03
2.8,7.0,0.09
3.1,6.1,0.07
3.7,4.8,0.07
4.1,4.1,0.04
4.3,4.4,0.04
5.4,5.9,0.12
6.4,10.4,0.12
7.9,12.3,0.17
9.9,14.5,0.07
12.4,15.4,0.14
13.8,16.4,13.8
13.6,16.7,24.47
13.4,16.8,32.52
15.5,16.6,38.47
17.0,16.7,41.6
21.3,16.7,43.74
25.7,16.9,46.4
31.6,16.9,48.24
33.2,17.1,48.27
23.2,17.2,46.48
17.2,17.4,46.37
14.2,17.3,43.56
15.7,17.4,39.88
20.3,17.4,38.65
24.6,17.4,37.59
32.1,17.4,37.59
31.7,17.3,37.73
26.9,17.4,37.57
27.2,17.5,37.54
33.1,17.1,37.59
44.1,16.8,37.65
48.8,15.6,39.02
52.9,14.6,47.78
53.9,13.5,48.12
54.0,13.1,48.06
53.4,13.3,48.03
54.7,13.6,48.07
54.8,14.3,48.03
55.7,14.6,48.01
56.1,15.0,48.07
56.3,15.2,48.0
56.6,15.2,48.07
57.0,15.3,48.09
57.6,15.4,48.03
57.2,15.6,47.97
57.2,15.6,47.82
56.1,15.7,47.8
55.3,15.9,46.46
55.0,15.9,44.74
53.7,15.9,44.72
54.6,16.2,42.1
54.1,16.3,39.41
53.6,16.4,35.27
52.5,16.4,33.8
53.4,16.2,33.17
53.5,16.0,33.16
52.3,15.6,40.7
50.9,15.3,42.68
49.3,15.4,48.03
46.7,15.5,49.09
46.9,15.7,49.02
45.3,15.6,48.99
44.8,15.7,48.65
42.1,15.7,48.65
41.0,15.8,48.64
44.5,16.5,48.61
46.3,17.5,48.64
48.6,17.8,48.59
50.1,18.0,48.59
45.9,18.2,48.53
35.3,18.1,44.99
18.3,17.9,44.98
10.3,18.0,42.93
6.8,17.8,40.42
5.0,17.6,40.36
4.5,19.0,36.02
4.1,17.2,33.31
4.0,16.3,33.09
3.7,14.6,33.05
3.6,13.9,33.08
3.5,13.7,33.09
3.4,13.3,33.1
3.3,13.1,33.09
3.2,12.5,33.12
3.2,12.1,33.09
3.2,11.5,33.16
3.1,11.1,33.06
3.2,10.5,32.45
3.2,9.7,28.87
3.0,8.9,27.34
3.0,7.1,23.01
3.0,6.2,23.05
3.1,5.2,22.28
3.0,4.7,12.71
3.0,4.3,11.07
3.3,4.6,5.45
3.7,4.4,2.7
4.4,3.9,2.78
5.1,4.3,2.64
6.1,5.2,0.17
6.9,6.8,0.02
8.0,7.9,0.09
9.0,9.6,0.03
10.2,10.5,0.03
11.3,11.6,0.04
14.2,11.8,0.04
17.0,12.1,11.94
33.0,10.8,27.27
25.9,9.1,27.22
23.6,9.8,30.71
25.7,10.6,37.35
29.6,11.0,37.36
33.6,10.9,44.21
40.8,10.6,48.66
44.3,10.6,54.71
46.3,10.3,55.92
46.5,10.0,55.93
46.3,9.7,59.48
46.6,9.4,60.97
46.2,9.2,65.8
46.1,9.1,67.52
45.0,9.1,67.39
41.0,8.8,67.24
39.1,8.6,54.63
36.1,8.4,48.65
34.8,8.1,48.54
34.2,8.0,48.65
30.9,8.2,48.59
23.2,8.4,48.6
18.7,8.9,48.62
12.3,9.2,48.6
9.3,9.3,48.58
5.7,9.3,48.67
4.6,9.3,48.56
3.7,9.0,48.56
3.4,8.9,48.62
3.2,8.9,48.48
3.0,9.0,48.55
2.9,9.2,48.48
2.9,9.5,48.48
2.9,9.9,46.44
2.8,10.2,46.44
2.7,10.5,39.72
2.7,10.8,39.56
2.7,11.2,36.99
2.7,11.2,33.31
2.6,11.3,26.14
2.6,11.2,24.37
2.6,10.8,21.96
2.6,10.3,21.25
2.6,9.6,21.27
2.6,9.1,18.62
2.5,8.2,7.84
2.6,7.4,3.72
2.9,6.4,0.1
3.5,5.4,0.18
3.7,4.6,0.15
4.5,3.8,0.03
5.0,4.5,0.16
5.7,7.1,0.03
6.2,8.8,0.07
6.8,11.6,3.28
8.1,13.0,13.54
9.2,14.3,17.69
12.0,14.7,20.33
14.6,15.4,26.37
20.0,15.5,27.88
22.7,15.8,30.48
21.2,15.7,30.41
17.7,15.7,30.4
16.0,15.6,30.39
16.3,15.5,30.39
17.9,15.2,30.34
20.9,14.5,32.08
30.0,14.1,39.41
38.6,13.7,48.81
39.9,13.5,53.68
34.4,13.1,59.82
34.6,12.8,62.95
47.2,12.3,66.85
56.1,11.8,66.83
55.6,11.3,66.58
51.5,10.3,66.61
49.6,9.2,62.81
48.7,7.9,59.03
47.6,7.3,57.4
46.6,7.2,57.41
47.0,7.6,57.43
46.8,8.9,57.47
44.5,9.9,57.45
44.3,11.5,57.51
43.2,12.5,57.51
42.7,13.6,57.54
41.3,14.0,57.55
40.3,14.7,57.5
38.9,15.1,57.6
38.8,15.5,57.53
36.6,15.7,57.57
35.3,16.2,57.49
32.2,16.4,57.49
30.0,16.5,54.03
27.5,16.6,49.09
26.8,16.4,47.27
26.7,15.7,47.26
26.3,15.3,47.32
25.7,14.8,47.27
25.0,14.6,47.29
23.7,14.5,47.37
23.0,14.6,47.26
22.5,15.3,45.59
22.0,15.9,43.14
21.3,17.4,39.05
19.1,18.3,31.19
15.9,20.0,25.1
12.1,21.0,25.04
10.0,23.0,25.16
7.3,22.7,25.13
6.0,19.4,26.13
4.7,17.2,26.16
4.1,17.7,30.44
3.7,17.0,34.61
3.5,15.9,42.15
3.3,16.4,42.31
3.2,16.2,42.24
3.1,15.9,42.24
3.1,15.7,42.25
3.1,16.4,42.15
3.0,16.0,42.1
3.0,16.6,42.08
2.9,16.0,42.11
2.9,14.1,39.81
2.9,13.8,39.75
2.8,13.6,38.51
2.8,13.6,36.44
2.8,13.2,35.31
2.8,13.0,32.95
2.8,12.5,25.63
2.7,12.2,19.81
2.7,11.3,16.44
2.7,10.3,15.59
2.8,8.4,14.24
2.8,6.5,14.21
2.7,4.4,14.3
2.8,3.9,14.25
2.9,3.9,14.31
3.2,4.1,14.28
3.4,4.1,14.22
4.1,3.9,14.16
4.5,4.0,5.96
5.4,4.9,2.45
5.9,5.6,2.51
6.8,6.3,2.51
7.5,6.9,2.5
8.6,8.3,2.51
10.6,8.1,2.65
11.9,6.0,13.38
15.0,5.5,28.98
17.3,5.3,40.1
18.1,6.4,45.98
18.5,7.7,47.57
18.7,8.5,47.61
19.6,9.6,45.19
18.3,10.4,40.04
18.7,11.3,35.81
18.3,11.7,33.22
17.6,12.2,32.77
17.8,12.3,32.64
18.0,12.2,32.97
18.3,12.0,36.05
18.6,12.0,38.9
19.0,12.8,38.82
18.9,13.4,38.88
19.3,13.9,38.87
19.3,13.9,38.9
19.4,14.2,38.77
19.4,14.3,38.8
19.2,14.3,38.78
19.0,14.5,38.72
18.7,14.6,38.7
17.9,14.7,38.77
17.4,14.8,35.31
17.9,14.9,35.2
17.3,14.8,35.23
26.3,14.7,35.16
10.3,14.7,35.24
6.9,14.6,35.18
5.6,14.6,33.16
4.1,14.5,33.26
3.6,14.4,33.1
3.1,14.3,33.14
2.9,14.2,32.69
2.7,14.3,32.35
2.7,14.9,28.45
2.7,16.1,28.19
2.5,16.1,28.15
2.5,15.4,28.19
2.5,14.7,28.18
2.6,13.6,28.13
2.6,13.1,19.64
2.5,12.3,4.97
2.6,11.4,0.19
2.7,8.7,0.13
2.8,8.0,0.03
2.9,6.5,0.05
3.4,5.6,0.03
3.9,4.5,0.05
4.6,4.1,0.03
5.3,5.5,0.05
6.1,6.8,0.14
6.9,11.3,0.05
7.9,12.8,0.03
8.2,15.2,5.75
10.0,16.1,6.0
11.1,17.1,10.66
13.3,18.3,12.35
13.9,18.9,27.79
15.1,18.6,42.11
14.7,18.3,49.62
14.2,18.7,60.32
15.8,19.0,62.48
21.8,19.5,62.23
23.8,19.8,55.99
21.7,20.5,48.5
15.6,20.8,46.1
11.9,21.1,46.06
11.0,21.3,46.13
12.6,21.8,41.25
16.5,22.1,37.62
18.7,22.5,33.05
20.7,22.5,32.29
21.0,22.4,30.97
21.1,22.4,33.45
23.4,22.1,38.62
28.8,22.1,38.62
31.9,22.1,38.69
34.9,22.0,40.54
35.2,21.8,41.05
35.4,20.9,40.95
35.0,20.0,40.16
34.6,17.8,36.23
34.6,17.1,36.21
35.7,17.8,33.7
34.9,18.9,33.71
36.3,20.1,34.07
38.3,20.3,36.23
39.8,20.3,36.36
41.1,20.4,38.26
40.2,20.6,45.88
40.0,20.8,45.98
39.1,21.2,46.0
38.2,21.5,45.93
37.8,21.8,45.95
37.8,21.9,46.01
37.3,22.3,45.95
36.6,22.1,42.09
36.0,22.7,40.07
34.6,22.8,38.42
33.8,22.9,38.5
31.9,22.9,38.65
30.7,23.0,43.11
29.0,23.3,43.04
27.9,23.3,43.07
27.2,23.9,38.32
26.6,24.0,30.81
26.7,24.0,30.79
26.8,24.1,31.09
27.8,23.2,36.98
29.6,23.0,36.99
30.7,25.4,46.03
31.4,25.9,46.05
30.2,26.0,46.07
24.2,26.4,45.97
17.6,27.0,38.88
10.0,27.4,36.72
7.1,26.5,36.83
4.6,26.2,36.74
3.9,26.0,39.86
3.5,28.1,40.8
3.4,25.2,40.86
3.2,25.1,40.81
3.1,22.7,40.82
3.1,22.0,40.84
3.0,22.2,33.77
2.9,21.9,27.52
3.0,21.6,23.26
3.0,20.6,23.25
2.9,20.0,23.25
3.0,18.7,21.43
3.0,17.5,21.2
2.9,15.3,17.66
2.9,13.2,14.19
3.0,9.2,13.87
3.0,7.0,11.26
3.1,5.3,11.17
3.4,4.4,8.8
3.6,5.0,8.71
4.1,4.9,8.72
4.4,4.1,8.72
4.9,4.2,8.19
5.1,5.7,4.83
5.6,6.4,4.39
5.8,7.8,4.36
6.4,8.6,4.42
6.8,9.5,4.39
7.6,10.8,5.18
8.4,11.4,12.17
11.2,11.8,19.03
22.8,11.7,27.69
22.2,11.6,34.68
33.3,11.2,37.34
33.9,10.2,37.4
36.6,9.6,37.35
25.1,9.1,37.33
23.5,9.1,37.33
25.6,10.0,37.27
29.8,10.5,40.88
33.2,11.2,40.9
36.5,11.5,42.57
37.0,11.8,42.76
36.7,11.8,42.75
35.6,12.0,42.73
34.2,12.1,42.75
34.0,12.1,42.74
33.8,12.1,42.73
34.1,11.9,42.84
32.9,11.8,42.69
31.6,11.6,42.72
30.1,11.3,42.73
28.6,10.9,42.69
26.3,10.4,42.79
24.3,10.2,42.71
19.5,9.7,42.69
15.1,9.5,42.75
11.0,9.2,42.69
6.9,9.2,42.7
5.0,9.5,42.67
3.7,10.0,42.73
3.2,10.7,42.5
2.9,11.1,42.35
2.8,11.4,42.41
2.7,11.4,42.38
2.7,11.0,42.35
2.7,10.9,37.94
2.6,11.1,37.88
2.6,11.5,35.49
2.6,12.4,32.42
2.5,12.8,32.35
2.6,13.6,25.61
2.5,13.8,21.46
2.5,13.9,18.17
2.5,13.6,9.56
2.5,12.8,2.1
2.6,11.4,1.93
2.5,10.1,1.8
2.6,8.4,1.89
2.8,7.2,1.97
3.1,5.8,2.14
3.7,5.3,2.2
4.0,3.9,2.08
4.6,4.0,2.21
5.0,5.6,2.31
5.6,7.4,2.41
6.0,10.1,8.23
6.3,11.2,8.02
6.5,13.0,8.26
7.4,13.6,10.11
8.7,14.4,23.77
11.9,14.6,26.36
13.2,14.8,33.4
17.1,14.8,36.84
22.2,15.0,37.83
28.7,15.0,37.84
26.8,14.9,37.9
20.0,15.1,37.75
17.1,15.1,37.77
16.6,15.1,37.78
16.9,15.0,37.81
21.9,14.9,41.12
26.6,14.8,41.2
32.1,14.8,45.64
33.1,14.8,47.7
29.7,14.8,48.58
31.0,14.8,49.93
37.7,14.6,50.12
46.7,14.5,50.11
49.8,14.0,50.1
51.9,13.2,50.18
52.8,11.3,50.2
52.6,10.0,50.19
51.9,8.3,50.13
51.2,7.4,50.17
50.4,6.9,50.09
51.8,7.4,50.15
51.1,8.1,50.11
51.9,9.7,50.16
52.1,10.8,50.11
52.9,12.1,50.12
52.0,12.7,50.11
51.5,13.3,50.09
51.8,13.5,50.1
52.2,13.8,50.1
52.0,13.9,50.11
52.3,14.0,50.09
52.9,13.9,50.13
52.6,13.5,49.9
52.1,13.1,49.89
51.5,12.5,49.88
51.9,12.2,49.82
51.3,11.7,49.79
47.3,11.7,49.81
44.9,11.9,49.76
42.0,11.9,49.78
41.6,12.4,49.85
42.3,12.8,49.93
41.2,13.5,49.88
40.0,13.8,49.83
37.8,14.5,49.82
34.9,14.9,49.86
37.1,15.4,49.9
38.2,15.7,49.9
38.2,15.8,49.87
36.0,15.6,49.85
29.0,15.5,49.84
16.4,15.0,49.84
9.4,14.7,49.85
5.0,14.2,49.86
4.1,14.1,49.92
3.6,14.8,49.87
3.5,15.0,49.87
3.4,14.6,49.84
3.3,14.3,49.83
3.1,14.4,49.78
3.0,14.4,49.73
3.0,14.8,48.59
2.9,14.2,48.52
2.8,14.2,38.66
2.7,15.0,30.81
2.8,15.0,14.98
2.8,14.0,12.95
2.9,12.4,12.99
2.9,11.3,12.96
2.8,9.7,14.07
2.9,8.7,30.99
3.0,7.5,39.0
2.9,6.5,38.97
2.8,6.1,38.97
2.8,5.6,38.96
2.8,5.4,38.98
2.7,5.0,38.72
2.8,4.7,34.36
2.6,4.5,21.69
2.6,4.3,18.79
2.6,3.8,18.63
2.8,4.0,18.63
2.9,4.2,18.67
2.9,4.0,18.79
3.1,3.9,18.65
3.5,4.2,18.72
3.9,5.2,18.66
4.5,5.8,18.64
4.7,6.6,18.64
5.4,7.2,18.83
5.8,8.5,18.7
6.5,9.1,18.72
7.0,9.4,18.67
7.8,7.2,18.74
8.4,6.3,18.88
9.6,6.0,18.91
10.4,5.5,22.58
11.7,9.2,30.01
11.9,13.8,33.27
12.3,16.5,34.64
12.5,17.2,34.63
12.9,17.6,34.66
13.1,17.5,34.75
13.0,16.9,35.73
13.2,17.1,28.97
13.6,18.8,28.56
14.1,19.7,28.63
14.3,20.0,29.93
15.1,20.1,33.54
15.5,19.9,33.82
15.7,19.7,33.81
15.5,19.8,33.82
15.3,20.0,33.78
16.0,19.9,33.82
15.7,19.5,33.84
15.2,19.3,33.81
11.9,19.0,33.74
9.5,18.9,33.79
7.0,18.9,33.74
5.9,18.5,33.78
4.7,18.4,33.8
3.7,18.3,33.72
3.3,18.1,33.74
2.9,18.2,33.44
3.0,20.2,33.19
2.9,20.4,33.14
2.4,19.7,30.65
2.4,18.8,29.19
2.6,17.1,21.17
2.6,15.5,16.28
2.4,13.5,16.08
2.4,12.1,16.17
2.6,10.1,16.06
2.8,9.2,16.12
3.2,8.3,11.39
3.4,7.1,10.99
3.2,6.3,8.51
3.7,5.3,8.47
4.2,4.7,8.53
4.9,4.5,8.5
5.2,5.9,8.58
5.7,8.5,8.6
6.7,11.6,8.65
7.7,14.9,12.5
8.3,15.8,17.52
8.3,17.8,26.02
8.7,18.7,25.95
8.3,20.4,25.94
7.7,21.1,25.91
7.4,22.7,25.93
7.6,23.9,25.93
8.2,25.0,25.88
9.8,25.3,25.94
11.0,26.2,33.87
13.4,25.9,35.81
14.2,26.4,35.8
13.3,28.0,35.79
11.6,27.5,35.4
9.5,28.2,31.44
9.5,29.1,19.96
12.1,29.2,19.92
14.4,28.0,21.62
17.3,26.8,26.27
20.5,26.6,29.26
22.0,25.5,33.83
23.0,25.2,33.85
23.7,24.4,33.86
27.3,23.4,33.84
30.3,21.1,33.84
35.9,18.8,33.89
37.9,17.5,33.87
39.5,18.5,33.82
41.5,19.8,36.09
42.9,19.9,37.93
42.7,20.2,42.61
42.0,20.4,42.64
42.0,20.8,42.66
41.3,20.8,42.66
40.9,21.0,40.28
41.1,21.1,40.03
40.4,21.3,40.08
40.7,21.5,40.06
40.2,21.6,40.04
39.7,21.7,40.09
38.5,22.2,40.09
38.6,22.6,40.05
37.7,22.8,35.09
36.9,22.9,30.79
36.3,22.9,30.05
35.9,22.7,30.09
35.3,22.3,30.55
35.8,21.3,37.39
37.1,20.4,38.17
37.0,20.1,40.84
36.5,20.1,43.81
36.0,20.2,43.82
34.7,20.3,43.8
33.5,20.8,43.43
33.2,21.5,39.97
33.2,23.7,39.96
34.2,24.0,39.88
35.7,24.0,39.84
35.7,23.7,39.92
31.6,23.7,39.86
22.1,22.9,39.88
14.0,22.4,39.88
7.2,21.9,40.32
5.3,22.0,45.96
4.2,23.0,48.44
3.7,21.4,48.12
3.6,21.1,48.05
3.5,19.1,48.04
3.3,18.6,48.1
3.3,18.7,48.09
3.2,18.5,48.11
3.1,18.3,47.74
3.2,18.5,45.74
3.1,18.6,45.78
2.9,18.6,45.72
2.9,18.7,45.77
3.0,18.5,35.5
3.0,18.4,35.48
2.8,18.1,35.45
2.8,18.0,35.38
2.8,17.6,32.03
2.8,16.7,27.15
2.9,15.9,12.55
2.9,13.4,5.34
2.8,10.2,5.27
2.7,7.0,5.26
2.9,5.6,5.32
2.8,5.0,5.26
3.2,5.7,5.26
3.6,4.6,5.4
4.3,4.4,5.23
4.6,5.6,5.27
5.1,6.7,5.35
5.5,8.2,5.37
6.1,9.6,5.42
6.6,11.9,5.53
7.1,13.3,5.3
7.1,14.9,5.33
8.1,15.2,5.74
8.7,15.6,20.62
17.3,15.2,22.27
21.8,15.1,27.15
26.8,13.5,38.92
22.7,11.5,43.32
22.8,10.4,43.32
24.9,10.1,43.41
19.2,10.6,43.33
20.7,11.5,43.33
23.3,12.5,43.4
25.0,12.9,43.04
25.0,13.6,43.0
25.5,13.9,43.02
25.5,14.4,43.0
24.7,14.7,43.01
24.6,15.0,43.07
24.4,14.8,43.11
23.7,15.0,43.02
24.2,14.9,43.05
24.4,14.7,43.0
23.6,14.4,43.0
22.8,13.8,42.99
21.8,13.4,42.96
20.8,12.8,43.0
18.8,12.5,43.04
17.2,11.6,42.99
16.6,11.5,43.03
16.6,11.1,42.99
15.5,11.3,43.0
15.2,12.1,43.07
14.7,12.4,42.98
14.2,13.0,43.18
14.4,12.9,43.31
13.8,12.6,48.12
13.9,11.8,50.4
13.0,11.4,50.35
10.7,11.3,50.34
8.9,11.6,50.37
7.8,11.8,52.69
6.1,11.8,63.42
4.8,12.2,73.98
3.0,12.7,74.47
2.7,13.6,74.23
2.6,14.2,61.24
2.7,14.9,40.54
2.6,15.0,32.22
2.5,15.3,22.6
2.5,15.4,22.46
2.6,14.8,7.39
2.6,13.9,5.89
2.4,12.2,5.88
2.4,10.9,5.97
2.6,8.9,5.91
2.8,7.8,0.93
3.1,6.6,0.05
3.6,5.6,0.03
3.8,4.7,0.03
4.4,4.6,0.03
4.9,5.6,0.06
5.5,9.1,0.07
5.6,10.9,0.11
6.1,13.8,0.06
6.7,15.1,0.03
7.5,16.5,0.09
9.5,16.6,2.56
12.7,16.5,18.49
17.2,16.0,35.62
17.4,15.4,48.91
18.9,14.9,58.51
21.4,15.0,63.15
32.0,15.3,63.12
32.8,15.5,63.11
20.2,15.7,62.98
17.3,16.0,62.97
18.3,16.1,61.53
24.3,16.5,54.06
27.6,16.5,48.47
26.0,16.5,42.01
26.7,16.5,42.0
31.3,16.7,42.01
38.3,16.7,41.97
40.5,16.8,41.98
39.9,16.8,42.02
39.3,16.6,42.3
37.6,15.8,42.42
35.7,14.7,42.4
35.8,11.3,42.47
35.6,9.6,44.21
35.9,7.7,44.18
35.8,7.7,44.18
35.2,9.0,44.2
33.8,10.3,44.13
33.7,12.9,44.16
32.4,14.6,44.18
32.6,16.3,44.16
31.4,17.0,44.17
31.1,17.9,44.16
29.8,18.4,44.21
29.1,19.0,44.23
27.4,19.5,44.13
26.7,19.8,44.13
25.1,20.2,44.16
23.5,20.3,44.08
22.3,20.1,44.1
21.6,19.6,43.62
20.9,19.0,39.2
20.1,18.5,31.46
19.4,17.8,30.6
19.5,17.9,29.79
20.0,20.3,29.81
21.4,21.6,29.71
22.3,23.4,29.84
22.0,24.4,29.9
20.7,25.0,39.34
16.9,24.1,43.95
13.1,22.9,44.02
7.5,23.1,44.01
5.3,21.8,43.96
3.8,20.9,43.97
3.5,21.4,44.0
3.1,22.8,43.97
3.0,21.8,43.94
2.8,21.5,44.02
2.9,22.1,43.95
2.8,22.5,43.95
2.8,21.4,43.95
2.7,22.4,43.9
2.6,22.6,43.93
2.6,22.4,43.72
2.6,22.7,24.54
2.5,23.2,18.02
2.5,21.8,14.59
2.6,19.2,13.75
2.7,17.5,13.74
2.7,15.0,14.06
2.7,13.1,20.12
2.7,10.7,22.58
2.7,9.4,25.96
2.8,7.2,29.64
2.8,5.9,30.09
2.7,5.0,30.1
2.7,4.6,30.04
2.8,4.2,29.9
2.9,3.9,29.88
2.9,4.0,29.1
2.9,4.3,25.21
2.9,4.6,25.13
3.0,4.6,25.16
3.1,4.4,25.15
3.4,4.1,25.11
3.4,4.2,24.26
3.7,4.9,18.12
4.0,5.7,16.1
4.6,7.1,15.07
4.9,7.6,13.23
5.4,8.9,13.14
6.3,10.1,13.14
7.1,11.5,11.64
8.4,9.3,12.29
9.1,6.5,27.47
10.5,6.5,33.85
11.3,5.9,35.97
11.9,6.1,37.38
12.0,8.6,39.19
12.4,11.3,39.23
12.8,15.5,39.09
13.0,17.1,36.73
14.0,18.5,33.12
13.1,18.6,33.25
12.9,18.5,33.36
13.1,18.1,33.37
13.5,17.7,33.54
13.9,18.5,33.71
14.0,19.8,33.68
14.7,20.8,33.72
14.9,20.9,33.67
15.2,20.7,33.7
15.6,20.3,33.64
15.6,20.2,33.66
15.8,20.3,33.59
16.4,20.2,33.62
16.6,19.7,33.57
16.7,19.2,33.59
17.6,19.0,33.37
18.8,18.6,33.19
25.5,18.4,33.01
16.2,17.6,33.07
14.7,17.1,33.0
13.4,16.4,33.07
11.6,16.1,33.05
10.3,15.7,33.05
7.7,15.4,33.14
6.1,16.4,33.08
4.9,15.9,33.04
4.5,15.3,33.02
3.9,13.9,32.97
3.5,13.1,30.04
3.1,12.1,29.78
2.9,11.6,29.84
2.8,10.7,28.49
3.1,10.0,28.07
3.2,9.1,25.02
2.8,8.5,24.77
3.0,7.4,23.08
3.3,6.8,18.33
3.7,5.9,18.27
3.5,5.5,18.36
3.8,4.7,18.31
4.3,4.4,15.05
4.7,4.5,8.83
5.2,5.5,6.77
5.5,8.1,6.66
6.6,11.1,6.74
7.2,14.6,6.79
8.7,16.0,6.73
10.0,18.0,6.74
11.2,18.8,7.12
11.9,19.6,23.17
12.8,20.3,32.13
12.0,20.2,35.72
12.4,20.1,38.39
13.4,20.3,40.21
17.8,20.8,40.25
21.2,20.9,40.14
22.8,21.2,40.15
20.2,21.6,40.15
15.6,22.1,40.15
11.4,22.2,40.15
11.7,22.3,40.16
15.3,22.8,40.16
18.1,23.0,40.1
21.4,23.1,40.12
21.8,23.2,40.08
21.0,23.2,39.99
21.4,23.5,38.32
25.3,23.7,36.04
28.1,24.0,35.88
31.0,23.5,35.92
31.8,23.7,35.33
32.3,23.2,35.3
31.9,21.7,35.36
33.7,18.2,35.3
34.6,17.6,35.37
35.0,19.5,35.39
35.6,20.4,36.65
37.1,21.2,36.72
37.9,21.0,36.69
39.0,20.8,36.71
40.5,20.7,39.53
40.7,21.0,41.0
40.7,21.1,41.08
40.3,21.3,41.05
39.8,21.4,41.08
39.2,21.9,41.12
38.5,22.1,40.82
37.5,22.6,38.65
36.6,22.5,36.76
35.4,22.9,32.08
34.3,22.8,32.15
33.0,22.9,32.3
31.2,22.9,32.44
31.1,22.3,33.05
31.5,22.1,33.02
31.3,22.0,33.02
31.5,21.8,33.17
31.6,21.5,33.06
33.2,21.2,33.02
33.7,23.4,33.07
34.5,23.4,33.04
37.7,22.8,33.13
39.9,21.8,33.05
38.5,20.3,33.04
32.7,18.6,38.65
18.5,18.2,45.46
11.2,20.0,45.97
6.4,18.0,45.98
5.3,18.0,45.83
4.3,16.6,45.84
3.9,15.9,45.63
3.6,15.8,44.1
3.6,15.7,42.14
3.5,15.4,42.14
3.2,15.3,42.17
3.2,15.1,42.1
3.3,14.9,39.25
3.2,14.7,35.28
3.1,14.5,35.18
3.1,14.0,35.08
3.0,13.7,33.75
3.2,13.0,33.25
3.1,12.5,32.96
2.9,11.2,31.0
2.9,10.1,27.38
3.0,7.8,24.79
3.0,6.6,24.82
3.0,5.7,17.12
2.9,5.2,15.66
2.9,4.6,11.25
3.0,5.1,10.97
3.4,5.0,5.71
3.9,4.3,0.09
4.2,4.5,0.03
5.0,5.5,0.04
5.7,7.7,0.1
6.7,8.9,0.08
7.1,11.1,5.58
7.9,12.2,16.7
8.5,13.3,30.03
9.5,14.4,29.98
10.2,14.7,29.99
11.6,15.3,29.99
12.2,15.7,30.03
14.0,16.2,31.19
15.3,16.4,31.91
16.2,16.6,31.91
16.9,16.3,31.91
18.0,14.1,31.93
19.6,12.5,31.86
20.6,12.5,31.51
21.2,13.5,26.19
21.6,15.2,18.05
22.6,15.7,18.19
24.3,15.4,18.14
27.1,14.1,18.28
28.1,10.9,42.54
30.6,9.9,50.11
31.2,9.6,54.45
32.5,9.6,56.86
32.6,9.6,56.84
32.2,10.1,56.82
32.0,10.6,64.82
31.3,11.0,67.06
33.3,11.1,67.46
24.6,11.5,67.31
17.7,11.6,55.35
12.6,11.5,52.3
8.5,11.2,48.29
6.3,11.0,47.83
4.3,11.1,47.89
3.6,11.4,47.9
3.1,11.7,47.87
2.9,12.2,47.88
2.8,12.3,47.86
2.8,12.8,47.85
2.7,13.1,47.82
2.6,13.5,45.3
2.6,13.7,45.1
2.7,14.0,45.12
2.6,14.0,38.55
2.5,14.1,27.86
2.5,14.0,23.2
2.5,13.8,23.14
2.5,12.9,21.85
2.6,12.2,11.17
2.6,11.0,0.63
2.5,10.0,0.11
2.8,7.9,0.13
3.1,6.6,0.06
3.4,5.7,0.03
3.9,4.7,0.07
4.5,3.9,0.13
5.4,4.8,0.04
6.2,7.0,0.04
7.3,8.9,6.03
8.1,11.0,20.19
10.2,12.1,25.9
10.6,13.1,26.25
9.7,13.3,31.11
8.9,13.9,47.4
9.5,14.1,50.86
10.1,14.6,50.93
12.7,15.0,50.91
15.1,15.1,50.78
16.8,15.6,50.3
15.4,16.0,46.59
11.0,16.5,46.56
9.2,16.8,44.72
9.2,17.3,39.5
10.6,17.5,33.3
12.1,18.0,31.89
15.1,18.3,31.84
17.0,18.8,31.92
18.8,18.8,31.92
19.6,19.0,40.55
22.4,18.9,40.73
25.8,19.0,40.78
30.3,19.0,40.72
32.4,19.1,40.72
33.6,19.3,40.72
33.2,19.4,40.69
32.4,19.6,40.75
31.9,19.3,40.74
31.4,18.3,40.72
31.0,16.6,40.7
31.5,12.2,40.71
31.6,9.7,40.71
32.0,7.9,40.73
32.4,8.7,40.67
32.1,11.7,40.7
31.3,13.9,40.69
31.1,16.8,40.71
30.7,17.9,40.68
30.3,19.0,40.68
30.6,19.4,40.68
31.4,19.9,40.7
30.7,20.2,40.78
30.3,20.5,40.7
29.0,20.3,40.66
27.5,19.8,40.71
25.9,19.0,40.74
25.7,17.9,40.66
25.0,17.3,40.72
24.8,17.0,40.68
24.3,17.2,40.69
23.6,18.6,40.64
22.9,19.7,40.67
22.8,20.7,40.65
22.9,21.9,40.64
22.8,22.8,40.62
22.7,24.3,40.64
21.3,24.9,40.69
17.3,25.6,40.66
14.3,25.9,40.63
10.7,24.8,40.67
6.9,23.9,40.69
5.1,21.6,40.59
3.8,20.7,40.66
3.5,22.3,40.66
3.1,22.0,40.62
3.0,21.0,40.65
3.0,22.0,40.68
3.0,22.5,40.71
3.0,21.6,40.67
2.8,21.4,40.62
2.8,20.9,40.62
2.8,21.6,40.69
2.8,22.2,40.63
2.9,21.7,40.63
2.7,20.0,40.62
2.7,18.8,40.63
2.7,18.6,40.6
2.7,18.6,40.65
2.8,18.6,40.65
2.6,18.4,40.69
2.6,18.2,40.59
2.6,18.1,40.69
2.7,18.0,40.62
2.7,17.9,40.76
2.5,17.7,40.65
2.5,17.6,40.7
2.6,17.5,40.6
2.6,17.5,40.68
2.5,17.4,40.62
2.5,17.4,38.93
2.5,17.2,3.72
2.5,16.3,0.05
2.6,8.4,0.03
2.6,6.0,0.03
2.4,4.6,0.03
2.4,5.7,0.15
2.5,5.6,0.04
2.8,4.8,0.05
3.0,5.1,0.09
3.7,7.8,0.02
4.3,10.4,0.09
5.3,12.0,0.09
5.9,13.8,0.05
7.0,16.2,0.03
7.4,14.9,0.11
8.3,8.5,0.04
9.7,7.5,18.27
10.4,7.2,37.12
11.1,7.0,40.51
11.3,8.5,45.45
12.2,11.0,45.53
12.8,14.7,41.13
12.4,17.5,29.43
13.1,20.8,16.16
14.3,21.6,13.08
17.2,18.9,13.05
18.7,16.5,13.12
15.6,18.3,16.09
16.8,17.6,30.99
17.2,16.6,41.91
18.4,15.6,46.19
18.9,15.3,50.4
19.6,15.6,50.46
19.9,15.6,50.39
20.1,15.7,50.4
20.3,15.7,50.26
20.4,15.9,50.25
20.5,15.9,50.35
20.6,16.0,54.74
20.2,15.5,56.34
19.7,16.0,56.04
20.2,15.8,55.17
20.1,16.0,50.83
22.9,16.1,50.77
22.1,16.2,50.77
19.5,16.3,47.14
15.1,16.4,45.07
11.6,16.4,38.89
9.3,16.5,37.6
6.9,16.3,34.36
6.0,16.1,31.94
4.6,15.8,31.93
3.9,15.9,31.87
3.2,17.5,29.23
3.0,17.3,19.31
2.9,15.9,14.24
3.0,14.7,10.46
3.1,11.9,10.49
3.1,10.2,10.38
3.7,8.2,10.39
4.0,7.1,10.36
4.4,6.0,10.49
4.5,5.4,10.38
4.9,4.7,10.35
5.2,4.3,10.41
5.8,3.9,10.43
6.1,4.0,10.36
6.3,5.2,10.42
7.6,6.5,10.39
8.9,9.9,10.42
10.1,11.0,10.33
11.2,12.8,10.46
13.8,13.4,10.44
15.2,14.5,12.45
16.6,15.1,24.58
14.5,16.0,33.33
11.8,16.3,36.18
11.3,16.6,45.3
12.6,16.8,45.29
15.3,17.3,45.35
20.4,17.6,45.06
21.0,18.1,23.06
16.6,18.3,22.26
13.2,18.6,22.26
10.9,18.9,22.24
12.7,18.9,28.2
19.1,18.3,29.88
23.7,18.0,30.0
33.2,17.5,33.51
36.0,17.3,36.22
30.6,17.1,39.3
28.0,16.8,39.28
34.9,16.4,39.28
47.5,16.0,39.29
52.0,14.4,39.32
54.0,13.5,39.31
54.8,13.0,39.31
55.0,13.3,39.34
55.6,14.2,39.35
56.2,14.6,39.32
56.7,15.0,39.32
57.4,15.1,39.35
56.7,15.3,39.3
57.3,15.5,39.27
57.9,15.6,39.24
57.9,15.6,39.2
57.9,15.4,39.22
58.6,15.5,39.26
59.3,15.6,39.3
60.3,15.5,39.22
61.2,15.4,39.25
61.6,15.4,39.33
60.9,15.4,39.21
62.1,15.4,39.26
62.4,15.3,39.2
61.3,15.0,39.23
57.6,14.9,39.21
55.7,14.8,39.33
53.9,14.8,39.25
52.4,14.7,39.24
53.1,14.5,39.22
51.0,14.6,39.23
51.9,14.6,46.53
49.7,14.7,50.75
45.9,15.3,54.93
50.7,16.4,57.24
53.0,16.7,57.27
55.1,16.6,57.17
54.1,16.9,57.11
43.4,17.1,57.13
21.5,17.1,57.11
11.3,17.0,57.08
5.9,17.0,57.12
5.0,17.1,56.84
4.3,17.2,56.77
4.1,18.5,54.57
3.9,16.9,54.33
3.7,17.1,54.36
3.7,15.8,50.15
3.5,15.1,49.94
3.3,15.0,49.91
3.2,15.0,49.91
3.2,15.1,44.23
3.1,15.2,39.46
3.2,15.2,28.29
3.1,15.1,22.83
2.9,14.8,18.96
3.0,14.2,12.6
3.0,12.9,6.05
3.1,11.2,1.22
3.0,7.6,0.04
3.1,5.5,0.03
3.4,4.2,0.03
4.1,4.5,0.03
4.7,4.4,0.05
5.4,3.7,0.06
5.9,4.1,0.02
6.7,5.6,0.03
7.1,6.4,0.04
7.8,7.7,0.03
8.5,8.4,0.02
9.3,9.4,0.18
11.5,9.8,4.44
14.8,10.1,19.4
31.1,10.0,30.99
28.1,8.8,45.36
38.5,8.0,47.84
37.6,7.7,53.8
27.9,7.7,53.86
30.6,7.8,53.78
37.3,8.0,53.76
40.1,8.5,53.75
42.4,8.9,53.81
42.4,9.3,53.76
41.7,9.4,53.76
40.4,9.6,53.79
40.0,9.7,53.76
39.6,9.8,53.76
39.8,9.9,53.76
39.3,9.8,53.78
37.8,9.8,53.77
36.0,9.8,53.74
35.0,9.5,53.76
32.9,9.2,53.76
31.5,8.8,53.77
29.5,8.5,53.75
27.8,7.9,53.75
24.5,7.6,53.66
19.8,7.3,53.76
12.5,7.3,53.76
9.0,7.5,53.75
5.6,7.9,53.69
4.3,8.4,53.75
3.6,8.7,53.83
3.3,8.8,53.81
3.1,8.7,53.75
3.0,8.6,53.8
2.9,8.5,54.0
2.8,8.5,53.76
2.8,8.7,53.77
2.8,9.0,53.31
2.7,9.4,47.33
2.7,9.7,46.07
2.6,10.1,46.13
2.6,10.5,44.21
2.6,10.9,37.76
2.6,11.1,33.21
2.5,11.4,28.34
2.5,11.5,28.33
2.5,11.4,28.27
2.5,11.2,28.26
2.6,10.7,28.35
2.5,10.4,28.29
2.5,9.7,28.29
2.5,9.3,23.27
2.5,8.6,21.1
2.5,8.0,21.14
2.5,7.4,21.05
2.7,6.5,16.26
2.8,6.2,13.52
3.3,5.1,13.4
3.6,4.4,13.36
3.9,4.8,11.74
4.1,6.1,11.75
4.4,10.0,11.8
4.7,13.0,11.71
5.0,18.5,11.86
5.4,21.9,11.87
5.7,25.2,11.73
6.2,27.1,11.84
6.6,30.1,17.88
7.3,31.7,21.4
7.7,32.5,21.64
8.3,32.1,24.1
8.9,32.0,42.54
10.1,31.7,42.56
10.8,32.7,42.56
11.9,34.1,42.56
12.7,34.6,27.73
14.2,34.4,20.62
15.2,33.1,20.6
17.9,29.9,34.43
19.5,29.1,45.01
21.9,28.2,44.98
24.0,27.1,44.94
26.6,25.1,44.97
26.6,22.5,44.95
26.9,16.1,44.94
26.5,11.2,44.95
26.7,8.1,44.93
26.7,8.7,44.97
26.2,13.2,44.94
26.3,17.7,45.05
27.0,22.6,44.95
26.4,24.3,45.03
26.0,25.3,44.96
25.9,25.7,44.97
26.3,26.0,45.0
26.3,26.6,44.97
26.4,27.3,44.96
26.5,27.3,44.98
26.1,27.3,44.97
25.9,26.2,44.94
26.1,25.0,44.92
25.2,23.6,44.96
24.7,23.1,44.95
23.6,22.4,44.96
23.1,22.4,44.96
22.7,23.2,44.95
22.5,23.8,44.93
22.2,25.3,45.0
21.9,25.7,44.93
21.5,26.8,44.9
20.7,28.1,44.9
20.6,30.4,44.88
20.2,32.2,44.9
20.0,32.7,44.88
18.5,33.3,44.85
16.8,33.7,44.93
13.8,32.6,44.9
11.1,30.8,43.78
7.9,29.6,38.83
6.3,27.0,37.12
4.6,25.8,36.41
3.9,28.5,36.45
3.4,28.2,36.42
3.1,25.9,36.41
3.0,27.6,36.43
3.0,24.5,36.52
2.9,24.5,36.38
2.8,23.2,36.39
2.8,23.4,36.41
2.9,22.9,36.38
2.8,20.2,31.9
2.8,18.2,30.11
2.8,17.0,30.07
2.8,16.3,30.02
2.8,14.9,28.34
2.8,13.6,27.02
2.7,11.6,27.08
2.7,10.6,26.93
2.8,9.2,27.09
2.8,8.0,26.99
2.9,6.5,27.07
3.0,4.8,27.06
3.0,4.3,27.08
3.2,3.8,27.07
3.3,3.7,27.07
3.4,4.0,27.04
3.4,4.3,27.05
3.5,4.4,27.11
3.6,4.3,26.78
3.8,4.1,15.96
3.8,4.0,15.82
4.1,4.3,16.04
4.5,4.9,15.86
4.9,6.3,15.82
5.6,6.8,15.8
6.3,7.9,15.96
7.2,8.7,15.79
8.1,10.0,15.84
9.3,9.1,18.13
9.9,6.8,31.14
10.7,6.3,36.53
11.0,6.2,37.55
11.4,6.0,37.6
11.6,5.8,32.74
12.0,5.5,29.62
12.2,6.3,26.96
12.9,10.7,26.85
13.3,13.9,28.03
14.0,16.2,28.08
14.1,16.4,30.12
14.4,16.0,31.85
15.1,15.4,31.61
15.7,15.8,36.42
16.2,16.9,37.73
16.2,17.9,42.02
16.3,18.1,42.38
16.1,18.4,42.29
15.9,18.6,42.39
15.9,18.6,42.3
15.7,18.6,42.27
15.3,18.9,42.29
14.5,19.1,40.4
13.8,19.5,37.02
14.2,19.5,37.02
11.9,19.5,37.01
11.1,19.6,37.07
16.5,19.4,37.03
8.4,19.0,37.15
7.1,18.9,37.12
5.8,18.8,37.06
4.5,18.7,37.02
3.9,18.5,37.09
3.4,18.4,37.01
3.1,18.1,37.01
2.8,18.2,36.97
2.7,20.4,34.05
2.6,20.5,34.01
2.6,20.0,31.62
2.6,19.2,27.16
2.5,18.0,16.41
2.5,16.4,13.47
2.6,14.8,11.15
2.6,13.5,10.19
2.5,10.7,10.11
2.6,9.5,10.19
2.8,8.4,10.11
3.0,7.2,1.26
3.1,6.4,0.14
3.8,5.1,0.17
4.1,4.6,0.04
4.6,4.8,0.13
4.9,6.1,0.13
5.4,9.5,0.03
6.6,13.3,0.04
7.4,16.9,0.03
9.1,18.3,0.04
10.4,20.0,13.37
13.6,20.5,29.54
15.1,21.5,36.91
15.1,22.0,41.92
12.4,22.8,41.96
9.3,22.9,41.89
9.2,23.9,34.77
10.9,24.6,22.09
12.6,24.9,21.36
16.7,24.2,21.24
18.9,24.7,21.97
20.7,24.2,26.11
20.6,23.8,26.22
18.7,22.5,26.21
17.3,21.6,39.59
18.7,20.6,40.87
19.4,20.5,41.08
23.3,20.5,41.07
27.4,20.3,41.19
29.7,20.2,41.11
28.6,19.9,41.13
27.4,19.1,41.12
32.0,18.4,41.12
38.9,16.5,41.07
44.6,15.5,41.12
46.2,15.2,41.09
47.1,16.0,41.06
47.8,16.9,41.14
48.9,17.2,41.07
48.6,17.5,41.24
48.6,17.8,41.07
48.5,18.0,41.06
48.1,18.0,41.13
48.4,18.1,41.06
49.1,18.1,41.1
49.1,18.1,41.09
49.4,18.3,41.13
49.8,18.2,41.05
49.3,18.3,41.08
49.7,18.3,41.04
49.7,18.3,41.11
50.3,18.3,41.07
49.8,18.3,41.06
49.6,18.1,41.08
49.8,18.0,40.98
48.1,17.9,41.05
45.8,17.9,41.06
42.4,17.9,41.06
41.3,17.9,40.99
40.6,17.8,41.07
39.9,17.6,41.11
40.6,17.6,41.02
39.8,17.6,41.08
38.1,17.7,41.02
38.0,18.2,41.14
41.2,19.7,41.13
43.2,20.0,41.1
46.2,19.7,45.16
44.4,19.9,50.02
30.4,19.7,50.01
20.7,19.4,49.9
12.7,19.1,49.47
6.6,19.1,49.49
5.2,19.3,49.51
4.2,21.0,49.44
4.0,19.0,49.4
3.7,18.7,49.45
3.6,16.4,49.41
3.4,16.2,43.62
3.3,16.0,42.87
3.3,15.9,42.87
3.3,15.7,35.79
3.2,15.4,32.09
3.1,14.7,23.88
3.1,14.4,18.79
3.1,13.6,18.71
3.1,12.0,18.74
3.1,10.5,5.51
3.2,7.5,0.06
3.4,5.3,0.06
4.0,4.1,0.07
4.2,4.3,0.05
4.7,4.1,0.04
5.3,3.7,0.04
5.7,4.4,0.03
6.4,5.4,0.04
6.8,6.6,0.08
7.8,7.4,0.27
8.5,8.3,8.55
10.9,8.7,17.55
12.3,9.1,36.08
20.5,9.1,39.8
25.4,9.3,41.8
24.4,9.3,41.76
32.4,9.3,41.77
33.7,9.3,41.78
28.2,9.2,41.75
27.2,9.1,41.79
31.3,8.7,41.77
36.0,8.3,41.74
36.9,8.1,41.77
37.0,7.9,41.77
36.5,8.1,41.74
36.1,8.5,41.82
35.1,8.7,41.76
35.6,9.3,41.75
36.2,9.7,41.77
37.9,9.9,41.78
38.9,9.8,41.74
38.3,9.7,41.74
35.9,9.7,41.87
35.5,9.4,41.77
34.1,8.9,41.77
32.7,8.1,41.82
30.1,7.9,41.84
27.6,7.4,41.83
20.0,7.3,41.77
13.9,7.3,41.78
7.8,7.4,41.82
5.7,7.9,41.75
3.9,8.5,41.76
3.6,8.4,41.76
3.3,8.4,41.76
3.0,8.4,41.62
2.9,8.2,41.72
3.0,8.3,38.67
2.9,8.7,30.0
2.8,9.1,18.87
2.8,9.9,18.5
2.8,10.3,18.43
2.9,10.0,18.06
3.0,9.0,18.05
2.9,7.8,18.22
3.1,7.3,18.37
3.3,6.3,23.65
3.5,5.9,25.94
3.7,5.3,25.8
3.8,5.1,17.24
4.0,4.7,5.24
4.4,4.1,5.31
4.9,3.4,5.27
5.8,3.9,5.24
6.4,6.1,6.61
7.6,7.3,21.78
8.5,8.5,25.79
10.2,9.8,25.73
10.9,10.5,25.73
11.5,11.4,25.86
10.2,12.0,25.75
8.2,12.8,25.8
8.2,13.3,25.78
9.0,13.9,25.78
11.6,14.3,25.88
14.7,14.5,25.81
21.5,14.7,30.39
27.2,14.7,45.63
30.6,14.6,45.67
27.1,14.4,45.7
27.8,14.5,49.78
35.2,14.5,53.13
44.4,14.6,53.14
47.9,14.6,60.55
48.9,14.5,64.14
47.7,14.4,66.18
42.5,14.1,68.34
40.1,13.4,69.59
39.3,12.4,71.08
36.5,11.6,71.08
33.3,10.4,70.95
30.1,9.4,57.53
28.7,8.5,48.23
28.0,8.8,47.5
27.6,10.7,47.65
28.0,12.2,47.6
27.3,14.7,47.53
26.3,16.1,47.59
25.5,17.6,47.59
23.9,18.4,47.55
22.8,19.2,40.4
21.4,19.6,37.95
20.7,20.4,35.37
21.0,20.4,33.44
21.2,18.9,33.47
22.0,17.5,33.45
22.2,16.4,33.43
22.4,16.7,33.62
22.9,18.8,33.54
24.1,19.9,33.56
24.8,21.4,33.52
24.9,22.5,33.49
23.4,23.3,33.6
20.3,22.6,33.74
17.3,21.2,33.74
11.9,18.6,35.61
8.8,17.3,35.69
5.8,18.1,35.75
4.6,18.0,35.71
4.1,16.5,35.71
3.7,16.2,35.72
3.5,15.4,39.94
3.3,15.3,48.1
3.3,14.7,48.05
3.2,15.7,48.0
3.1,15.8,48.07
3.0,16.1,47.98
3.0,14.6,47.95
2.9,13.9,47.89
3.0,13.6,46.54
2.9,13.5,46.52
2.8,13.6,40.76
2.8,13.7,38.88
2.8,13.6,34.52
2.8,13.2,30.69
2.7,12.8,29.96
2.7,12.0,29.93
2.7,11.6,29.93
2.7,10.8,29.95
2.8,10.2,29.98
2.7,8.9,24.39
2.7,7.9,17.23
2.7,5.8,9.75
2.7,4.8,9.88
2.6,3.9,9.91
2.8,4.4,9.88
3.0,4.3,9.83
3.6,4.1,9.82
4.2,4.8,9.93
5.0,5.7,9.79
5.6,6.9,9.81
6.4,7.4,9.83
6.8,8.6,9.78
8.0,9.3,9.85
8.7,9.8,9.8
10.1,7.3,9.81
11.0,6.2,3.96
13.1,5.6,3.89
15.8,6.4,4.13
20.2,12.4,13.54
24.3,12.9,30.81
24.9,11.9,50.33
27.6,11.3,69.59
31.6,11.5,71.97
20.3,11.9,71.81
19.5,12.7,71.95
17.8,13.3,59.78
17.1,14.4,52.93
16.5,14.9,50.8
16.0,15.8,50.71
15.5,16.2,50.73
15.2,16.8,50.71
14.3,17.1,50.62
13.5,17.4,50.71
11.9,17.6,50.67
10.7,17.9,50.73
8.8,18.4,50.73
8.7,18.6,50.68
5.5,19.1,49.01
4.3,19.5,43.9
3.3,20.0,38.88
2.9,20.2,37.28
2.6,20.7,29.79
2.5,21.0,28.27
2.5,21.5,16.58
2.4,21.5,16.15
2.5,21.5,16.3
2.5,21.1,15.77
2.5,20.6,15.78
2.5,22.5,15.82
2.5,21.8,15.92
2.6,19.0,15.88
2.6,15.4,15.8
2.6,13.7,15.83
2.5,12.4,15.88
2.6,11.9,15.84
2.6,10.9,15.99
2.8,9.3,15.88
2.8,8.4,7.22
3.1,6.8,2.06
3.3,6.1,0.05
3.8,5.2,0.04
4.2,4.6,0.02
4.6,5.8,0.02
5.2,7.0,0.04
5.6,9.8,0.1
6.3,13.0,4.26
7.2,17.2,5.58
9.1,18.6,9.47
10.2,20.1,18.3
13.0,20.6,24.05
15.2,21.4,29.58
17.4,21.7,32.44
16.8,22.4,36.19
13.6,22.4,36.81
11.7,22.5,36.87
11.6,22.6,36.76
12.8,22.8,36.8
16.7,22.7,40.71
19.3,23.2,40.56
20.0,24.1,38.89
17.8,24.2,32.49
13.7,24.5,29.56
12.2,24.1,28.55
13.2,23.3,28.45
15.1,23.0,29.45
17.7,22.1,38.42
22.0,21.5,40.65
25.8,20.9,42.05
29.2,20.8,42.98
28.4,20.7,43.11
26.8,20.3,43.09
28.5,19.8,43.15
35.9,19.1,43.05
40.0,17.6,43.05
42.2,16.5,43.04
42.1,15.9,43.05
40.3,16.3,43.05
39.8,17.6,43.02
39.1,18.6,43.02
38.9,19.3,45.49
38.3,19.9,45.47
38.1,20.3,45.36
37.9,20.7,47.12
38.2,20.9,53.55
38.7,21.0,54.16
38.6,21.1,54.18
38.3,21.3,54.15
38.1,21.6,54.18
37.9,21.8,54.06
37.5,22.0,53.76
37.5,22.4,50.75
36.5,22.5,46.55
36.4,22.8,38.97
36.0,22.5,35.75
35.0,22.9,34.21
34.5,22.8,34.18
33.6,22.6,34.24
31.5,22.5,34.24
31.3,22.4,34.35
31.4,22.3,34.32
31.4,22.1,34.47
31.7,21.7,34.44
31.6,21.6,34.44
33.1,21.2,34.66
33.5,22.1,34.48
35.1,23.5,34.51
36.5,23.0,38.67
38.1,23.1,38.69
35.1,22.5,38.67
28.4,22.2,38.71
15.6,22.0,38.76
9.9,21.8,38.56
5.6,21.8,38.43
4.7,21.1,38.45
4.1,20.9,38.49
4.0,17.7,38.46
3.7,16.8,38.36
3.5,16.4,38.35
3.4,16.0,38.34
3.4,15.4,38.42
3.3,15.0,38.38
3.2,14.4,38.5
3.2,14.3,38.39
3.1,14.0,38.37
3.1,13.8,38.35
3.1,13.1,36.02
3.1,12.9,36.18
3.1,12.2,38.84
3.1,10.9,38.78
3.1,9.9,32.23
3.2,8.1,28.81
3.3,6.7,28.5
3.3,5.2,26.88
3.7,4.6,26.91
3.9,4.1,26.96
4.2,4.3,26.95
4.5,4.5,26.98
4.8,4.2,27.04
4.9,3.7,27.03
5.2,3.7,27.0
5.5,4.2,22.24
5.9,4.6,22.01
6.2,5.5,16.62
6.8,6.0,16.56
7.6,6.5,11.73
9.5,7.3,5.75
11.6,7.8,5.67
17.9,8.3,13.24
23.7,8.3,41.09
53.6,7.8,47.59
57.0,7.6,63.74
48.4,7.1,69.46
64.3,7.0,73.6
57.1,6.9,79.13
48.8,6.9,79.1
86.3,7.2,73.12
31.6,7.3,72.06
43.1,7.3,59.3
47.7,7.3,59.09
47.3,7.1,59.11
46.2,7.1,59.12
44.7,7.3,59.13
41.8,7.5,59.2
41.1,7.8,59.2
41.0,8.0,59.22
40.1,8.2,59.19
36.8,8.5,59.21
34.6,8.6,59.26
31.6,8.8,59.2
29.6,8.8,59.26
25.8,8.8,59.26
21.4,8.8,59.21
13.4,8.7,59.19
8.7,8.5,59.17
5.6,8.1,59.08
3.6,7.9,59.05
3.2,7.6,59.05
3.0,7.4,59.02
2.9,7.1,48.31
2.8,7.0,46.64
2.7,7.0,38.36
2.6,7.2,32.64
2.6,8.2,16.73
2.6,8.8,9.62
2.6,8.7,9.36
2.7,9.7,9.38
2.7,10.5,9.42
2.8,9.9,9.38
2.9,9.0,9.61
3.2,7.4,11.92
3.5,6.5,29.97
3.9,5.4,35.06
4.0,5.1,35.31
4.1,4.9,35.28
4.1,4.8,35.05
4.1,4.6,26.33
4.1,4.5,24.81
4.2,3.9,13.5
4.4,3.6,12.73
4.8,3.8,12.78
5.5,4.7,12.67
5.8,7.1,12.71
6.6,8.3,12.69
7.1,10.3,12.73
7.9,11.5,12.7
8.5,13.0,12.78
10.3,13.7,13.17
11.4,14.7,27.91
12.2,14.8,38.42
12.5,15.0,47.2
13.6,15.3,50.32
15.7,15.3,50.8
21.7,15.6,50.78
24.9,15.7,50.88
24.0,15.8,50.81
22.7,15.8,50.85
25.3,16.0,50.8
29.0,15.7,50.83
34.2,15.8,50.86
38.2,16.2,50.8
38.6,16.4,50.79
38.4,16.5,50.8
37.6,16.7,50.79
35.6,16.8,50.89
34.5,16.9,50.83
33.7,16.5,50.79
34.3,15.0,50.85
34.4,13.2,50.84
34.3,10.3,50.85
33.7,8.9,53.73
33.6,8.9,53.83
32.7,10.0,53.84
31.9,12.1,53.79
31.2,13.8,52.76
31.5,15.6,36.02
30.9,16.7,32.08
31.0,17.4,32.11
32.6,18.0,32.14
33.8,18.1,32.4
35.2,16.9,32.71
36.0,15.5,32.7
35.3,13.9,32.73
34.3,13.7,40.06
34.5,14.2,43.92
34.3,14.8,44.8
34.4,15.6,45.21
33.3,16.1,45.25
32.7,16.9,45.24
31.7,17.4,45.19
31.7,17.9,45.22
32.0,18.2,45.23
32.2,18.2,45.18
32.2,18.1,45.26
31.7,17.5,45.19
27.0,17.1,45.17
22.1,16.5,45.2
13.1,15.9,45.13
8.4,15.4,45.13
5.0,16.3,45.16
4.2,17.6,45.09
3.6,16.5,45.02
3.4,16.7,45.11
3.2,16.7,45.05
3.2,16.4,44.97
3.1,16.0,44.7
3.1,17.2,42.96
3.1,16.5,41.64
2.9,16.0,41.47
3.0,16.7,38.47
2.9,17.2,34.77
2.8,16.3,34.67
2.8,14.9,34.65
2.8,13.8,34.77
2.8,13.7,34.69
2.8,13.5,34.73
2.8,13.2,34.64
2.8,12.7,34.65
2.7,12.4,34.64
2.8,11.8,34.69
2.8,11.3,32.68
2.7,10.8,27.75
2.7,10.3,25.79
2.7,9.5,20.02
2.7,7.5,13.27
2.6,5.8,5.29
2.6,4.4,4.99
2.7,3.9,4.93
2.9,4.3,4.94
3.2,4.3,4.91
3.5,3.9,5.07
4.2,4.2,5.01
5.0,5.7,4.98
6.3,6.4,5.06
7.2,7.4,4.94
8.0,8.0,5.77
8.8,9.0,36.62
9.7,8.8,42.05
9.9,8.1,42.31
10.0,7.5,33.26
9.9,6.6,10.79
10.3,6.1,7.06
11.3,5.8,7.09
13.3,5.2,7.03
15.1,7.8,7.35
20.4,13.2,31.17
22.5,13.0,45.78
20.1,12.0,45.83
20.1,11.9,45.87
20.2,12.1,45.78
20.0,12.6,45.74
20.0,13.5,45.84
20.1,13.9,45.78
19.9,14.5,45.82
19.8,14.8,45.82
19.6,15.0,45.81
19.4,14.9,45.77
19.5,15.1,45.75
19.2,15.2,45.74
18.7,15.3,45.77
18.4,15.5,45.75
18.2,15.7,45.77
17.5,15.7,45.66
16.8,15.8,45.63
16.3,16.0,45.69
14.9,16.2,45.64
12.1,16.3,45.65
12.9,16.4,37.09
5.8,16.6,30.51
4.6,16.6,30.25
4.0,16.5,30.27
3.9,16.1,30.27
3.5,16.0,30.28
3.0,15.8,30.33
2.9,15.7,30.3
2.7,15.9,30.36
3.0,17.5,30.28
3.0,16.9,30.25
2.5,15.7,14.99
2.5,14.4,3.45
2.7,12.0,0.15
2.9,10.3,0.07
3.0,7.7,0.08
3.7,6.4,0.06
4.4,5.6,0.14
4.5,5.2,0.06
4.9,4.5,0.07
5.8,3.9,0.16
6.3,4.3,0.03
7.5,5.6,0.1
8.5,7.3,0.47
9.7,9.9,14.06
10.2,10.8,19.04
10.3,11.7,25.22
10.0,12.4,28.57
9.8,13.7,28.5
8.4,14.4,28.47
8.0,15.5,28.52
7.9,16.4,28.34
8.6,17.4,28.36
10.8,17.9,28.29
12.6,18.5,27.55
16.8,18.7,21.95
19.2,19.1,20.37
21.2,19.1,20.47
20.4,19.0,20.78
16.4,18.4,31.09
16.2,17.6,37.45
20.0,17.3,37.47
22.2,17.1,51.16
28.6,17.0,52.39
35.1,17.0,52.44
36.3,17.0,52.41
30.4,17.0,52.37
31.0,16.8,52.37
38.3,16.6,52.14
48.7,16.0,52.1
51.7,15.4,48.07
53.4,14.0,48.14
54.4,13.4,48.17
54.8,13.2,48.14
55.6,13.8,48.26
56.0,14.5,48.16
56.5,14.8,48.13
56.7,15.1,48.16
57.2,15.1,48.13
57.1,15.4,48.17
57.7,15.4,48.17
58.0,15.5,48.13
58.7,15.5,48.14
58.6,15.5,48.17
58.9,15.6,48.15
59.6,15.5,48.13
60.2,15.5,48.17
60.9,15.5,48.15
62.5,15.5,48.15
61.5,15.5,48.15
61.6,15.4,48.18
61.7,15.3,48.17
62.9,15.3,48.21
61.1,15.2,48.35
58.5,15.0,48.8
54.7,14.9,49.32
53.3,14.8,53.45
52.0,14.8,55.6
52.5,14.7,55.59
50.9,14.7,55.49
50.7,14.7,57.38
49.2,14.8,67.15
43.6,15.5,68.78
49.1,17.0,68.78
49.9,17.8,67.82
36.4,17.6,60.14
19.7,18.0,60.08
7.1,18.0,60.09
4.9,18.2,57.8
4.0,18.2,57.82
3.9,18.4,57.84
3.6,19.5,57.81
3.4,18.5,50.71
3.3,18.4,50.57
3.2,17.0,50.57
3.3,16.2,50.59
3.1,16.3,50.58
3.0,16.3,50.57
3.0,16.2,50.61
3.1,16.3,50.61
3.0,16.3,50.58
2.8,16.3,50.54
2.8,16.4,47.17
2.8,16.3,40.44
2.8,16.2,37.03
2.8,16.1,31.41
2.8,16.0,30.99
2.8,15.5,28.4
2.8,14.9,15.72
2.9,13.7,3.98
2.9,11.1,0.19
2.7,6.7,0.04
2.8,5.4,0.03
2.9,4.9,0.06
3.2,5.5,0.06
3.6,4.5,0.05
4.6,4.7,0.04
5.2,6.1,0.05
6.0,7.9,0.13
6.4,9.1,0.03
6.7,11.1,0.13
7.4,12.6,0.21
7.8,14.1,0.06
8.6,14.8,0.17
9.6,14.9,0.09
21.7,14.5,0.05
27.3,9.6,15.24
23.6,9.7,48.44
18.1,10.8,63.14
19.7,10.9,74.13
20.0,11.3,80.41
26.8,11.7,80.54
31.5,11.7,79.61
31.1,12.0,66.62
28.5,12.5,60.45
28.1,12.6,56.76
27.8,12.6,56.38
27.5,12.6,56.42
26.9,12.6,56.42
25.8,12.3,56.44
24.6,12.1,56.48
23.7,11.5,52.54
22.2,11.1,50.08
20.5,10.5,46.67
17.1,10.2,45.08
14.4,9.8,40.18
9.6,9.6,40.19
7.1,9.8,40.18
4.6,10.3,40.18
3.8,11.4,40.18
3.1,11.9,40.2
3.0,11.9,40.17
2.8,11.6,39.57
2.7,11.4,36.35
2.6,11.6,36.27
2.6,12.4,36.22
2.6,12.9,36.22
2.6,13.7,36.32
2.6,13.9,36.27
2.6,14.3,26.37
2.5,14.6,14.92
2.7,14.1,3.14
2.6,13.0,2.12
2.5,11.8,2.11
2.7,9.5,0.07
3.0,8.0,0.03
3.4,6.3,0.04
3.7,5.6,0.18
4.1,4.7,0.15
5.0,4.0,0.03
6.1,4.4,21.27
7.7,5.3,27.84
8.6,7.5,28.13
8.5,8.3,28.1
8.0,9.5,27.28
6.8,10.0,15.68
6.6,11.1,13.78
7.1,11.6,9.84
7.9,12.7,8.7
11.0,13.1,17.82
14.0,13.5,42.27
17.9,13.4,47.86
20.9,13.5,48.99
30.8,13.6,50.2
34.7,13.7,50.26
26.3,13.8,50.25
20.1,13.8,50.25
16.9,14.1,50.25
16.2,14.2,50.23
18.4,14.3,50.3
23.8,14.3,50.31
31.1,14.5,50.26
29.9,14.5,50.26
26.5,14.5,50.25
28.1,14.6,50.25
36.1,14.6,50.23
44.6,14.6,50.23
47.1,14.7,50.27
48.7,14.7,50.25
48.8,14.5,50.26
47.3,14.3,50.24
45.8,13.5,50.25
44.5,12.6,50.28
44.4,10.8,50.23
45.0,9.2,50.23
45.8,7.7,50.24
46.7,7.8,50.22
47.3,9.5,50.21
46.6,9.8,50.24
47.0,10.3,50.25
46.7,11.2,50.22
46.8,11.7,50.21
46.7,12.4,50.24
46.2,12.8,50.24
46.9,13.0,50.2
47.0,13.4,50.23
47.0,13.6,50.2
47.5,14.0,50.25
46.8,14.0,50.25
46.5,14.2,50.31
47.0,14.1,50.25
47.2,14.3,50.22
47.6,14.2,50.23
47.7,14.5,50.25
47.8,14.5,52.82
47.5,14.5,54.9
46.4,14.6,56.52
44.8,14.7,59.11
42.5,14.8,58.8
39.8,15.1,53.79
34.7,15.1,53.76
31.3,15.2,51.22
28.7,15.2,49.03
27.3,15.3,48.04
25.9,15.3,48.05
24.8,15.1,48.01
22.9,14.9,48.02
22.0,14.9,44.97
20.4,14.8,43.55
20.0,14.8,38.77
19.5,15.1,38.54
18.8,16.2,36.09
16.0,18.3,36.18
13.0,19.5,36.22
10.4,21.5,36.18
6.4,22.6,36.21
4.7,23.5,36.21
3.6,23.8,36.2
3.4,22.1,36.21
3.1,20.8,36.32
3.0,20.4,36.25
2.9,20.1,36.23
2.9,19.4,36.71
2.9,19.4,41.87
2.9,19.6,45.84
2.9,19.5,47.2
2.7,19.4,47.28
2.7,20.3,47.2
2.7,19.9,26.92
2.7,20.4,10.48
2.6,18.9,9.65
2.7,16.3,9.77
2.8,14.6,9.66
2.8,11.6,9.63
2.9,9.6,20.41
3.2,6.5,31.48
3.2,5.2,31.52
3.4,4.3,31.61
3.4,3.9,31.52
3.4,3.5,31.5
3.5,3.5,31.49
3.6,3.7,31.38
3.7,3.9,31.06
3.7,4.1,29.07
3.7,4.0,27.23
3.8,3.9,20.0
4.0,3.8,15.29
4.3,4.0,14.89
5.0,4.5,14.99
5.5,5.7,14.9
6.3,6.1,14.97
6.8,7.0,14.96
7.6,7.5,15.02
8.0,8.1,14.93
9.3,8.5,15.01
10.1,7.2,14.98
12.2,5.8,14.97
13.3,5.4,25.49
15.3,5.7,38.86
15.8,8.0,39.59
16.5,10.6,39.48
17.2,11.8,39.51
17.0,13.0,39.52
16.3,13.4,39.45
16.2,13.7,33.49
16.1,13.7,24.29
16.2,13.4,21.74
16.6,13.2,22.08
16.7,14.4,25.98
18.1,15.1,25.98
19.5,15.0,25.93
21.0,14.6,33.34
21.7,14.5,49.14
21.6,14.6,49.1
21.3,14.7,49.03
20.7,14.8,49.02
20.4,14.9,39.8
23.4,14.9,38.65
22.2,14.9,38.48
35.9,14.9,38.5
14.5,14.8,38.5
10.7,14.7,38.5
8.2,14.7,38.48
5.4,14.7,38.55
4.2,14.6,38.54
3.8,14.5,29.19
3.2,14.5,4.68
2.8,14.4,0.04
2.8,15.7,0.03
3.3,12.5,0.03
3.8,10.2,0.04
3.7,8.8,0.08
3.3,8.4,0.1
3.2,8.1,0.21
3.4,7.3,0.06
3.6,6.4,0.03
4.0,5.8,0.04
4.5,4.6,0.04
5.7,4.0,0.19
6.3,3.9,0.02
8.1,4.7,0.11
9.6,6.2,0.1
12.2,9.3,0.11
13.8,10.4,9.47
17.1,11.2,32.96
21.9,11.9,34.15
28.2,12.4,34.14
24.5,12.7,34.08
15.1,13.1,34.09
12.5,13.3,34.09
12.1,13.6,34.12
13.1,13.9,34.12
15.9,14.1,34.07
25.9,14.2,34.14
31.8,14.4,34.12
28.5,14.6,34.08
19.6,14.9,39.68
13.1,15.1,44.39
13.8,15.1,44.87
17.1,15.1,44.8
20.8,15.4,44.85
28.4,15.4,44.79
34.0,15.4,44.48
30.6,15.6,41.86
25.1,15.7,38.67
29.1,15.8,34.72
36.4,15.9,34.49
45.8,16.0,34.57
47.6,16.0,34.55
50.2,15.7,34.54
50.0,15.2,34.79
50.9,13.7,34.84
50.8,13.0,37.0
51.3,12.6,36.95
52.8,13.1,36.97
53.6,14.1,36.91
54.1,14.4,36.94
54.5,14.7,36.92
55.9,14.8,37.03
56.5,15.0,40.05
56.6,15.1,40.01
56.7,15.2,40.14
57.8,15.2,41.46
58.3,15.3,44.25
59.1,15.3,44.23
59.5,15.4,45.14
59.0,15.4,45.09
58.7,15.5,45.1
58.0,15.5,45.16
57.8,15.5,45.1
55.7,15.5,45.11
52.6,15.4,45.1
48.5,15.5,45.11
47.6,15.6,45.17
45.8,15.4,45.11
45.9,15.5,45.12
45.0,15.6,45.1
43.8,15.7,45.14
43.2,15.7,45.11
39.8,15.8,45.2
38.6,15.9,45.1
42.5,16.0,45.09
44.3,17.1,45.15
45.4,17.7,45.12
44.2,18.0,45.09
32.7,18.2,45.08
22.4,18.6,45.18
10.0,18.7,44.84
6.2,18.7,40.31
4.4,18.9,40.04
4.1,18.9,40.09
3.8,19.0,40.11
3.6,19.5,40.15
3.6,18.5,40.07
3.5,18.6,40.12
3.4,16.7,40.08
3.2,16.4,40.16
3.2,16.1,40.11
3.1,16.1,40.09
3.1,16.1,38.38
3.1,15.8,37.29
3.0,15.6,31.46
3.0,15.4,28.28
3.0,14.5,25.67
3.0,14.0,25.63
3.0,13.2,25.69
2.9,12.6,17.98
2.9,11.3,11.03
2.9,9.4,11.11
3.0,6.4,8.81
3.0,5.5,8.95
3.0,4.4,8.11
3.3,4.8,7.23
3.6,4.7,7.22
4.2,4.1,7.28
4.7,4.0,7.28
5.7,5.2,7.49
6.2,6.3,7.3
7.1,7.9,7.3
7.6,8.8,7.23
8.5,10.3,7.37
8.8,11.2,8.0
9.5,12.4,8.06
11.2,12.7,8.16
14.1,13.0,9.26
22.0,12.9,24.05
33.7,9.4,29.32
28.4,8.6,32.8
22.0,9.5,34.49
25.5,10.1,35.41
27.6,10.6,35.41
33.0,10.6,37.04
36.9,10.5,40.48
41.1,10.4,44.08
40.7,10.1,48.14
41.5,9.8,50.41
41.6,9.4,53.65
41.8,8.9,56.17
42.2,8.7,57.26
43.2,8.3,57.3
43.3,8.2,59.33
42.1,7.9,64.19
41.4,7.7,71.73
38.2,7.8,71.99
35.0,7.7,71.87
34.2,7.8,55.2
24.3,8.0,41.74
18.2,8.4,39.94
10.8,8.8,39.94
7.6,9.1,40.06
4.5,9.3,39.99
3.8,9.0,39.99
3.2,8.8,40.02
3.0,8.7,40.0
2.9,8.9,31.21
2.9,9.4,27.04
2.9,9.9,27.03
2.8,10.4,26.98
2.8,10.4,26.99
2.8,10.4,26.99
2.8,9.9,27.08
2.9,9.4,27.0
3.0,8.6,27.0
3.0,8.1,26.99
3.0,7.5,27.11
3.1,7.2,27.0
3.1,6.8,26.9
3.2,6.4,25.56
3.2,5.8,25.65
3.5,5.5,25.58
3.6,5.1,25.24
3.8,4.8,25.34
3.9,4.3,25.2
4.0,4.0,25.32
4.2,3.6,25.24
4.4,3.7,19.05
4.5,4.6,15.01
4.9,5.8,14.99
5.2,8.9,15.07
5.6,10.6,14.96
5.9,13.1,14.99
6.3,14.3,15.28
6.5,15.7,25.56
7.1,17.7,25.64
7.6,18.7,25.68
8.5,20.2,25.73
9.4,20.7,26.05
11.2,21.4,28.02
12.4,21.7,32.95
14.0,22.2,33.03
15.6,22.1,33.07
16.6,22.3,34.28
18.3,22.5,34.24
19.9,22.4,34.27
24.7,22.2,34.25
27.2,22.2,34.33
29.2,21.7,36.31
30.8,22.1,37.41
31.5,21.8,37.41
31.8,19.8,37.39
32.0,16.8,37.42
32.7,10.6,37.39
33.6,8.7,37.42
33.6,10.3,37.42
35.3,12.7,37.39
36.0,15.2,37.4
36.6,17.3,37.39
37.1,17.8,37.38
37.0,17.4,37.38
38.4,17.7,37.45
39.6,17.7,37.42
40.0,17.3,39.92
40.6,16.3,39.9
41.1,15.3,39.89
42.2,14.2,41.64
42.4,13.6,45.19
42.6,13.4,48.83
42.3,13.5,50.5
41.6,14.0,54.26
39.7,14.6,54.27
37.9,15.0,55.1
36.1,15.4,57.25
35.7,16.2,60.49
34.1,16.5,60.66
33.9,17.4,60.58
33.0,18.0,60.51
31.8,18.4,60.21
31.3,18.9,58.84
31.7,19.0,58.84
30.9,18.8,58.85
30.0,18.4,53.67
26.3,17.8,50.71
21.1,17.1,50.71
13.5,16.2,50.7
9.3,15.8,49.36
6.5,16.6,49.17
4.4,17.4,49.16
3.8,17.0,49.09
3.5,16.9,47.09
3.3,17.1,45.89
3.2,16.9,44.41
3.2,16.0,41.35
3.1,17.5,41.26
3.1,16.8,39.3
3.0,16.0,37.6
2.9,16.8,36.24
2.9,17.0,34.58
2.9,15.2,33.49
2.9,13.9,32.61
2.9,13.5,30.41
2.8,13.3,28.66
2.8,12.7,27.15
2.8,11.7,26.23
2.9,10.9,26.21
2.9,9.8,26.26
2.8,9.1,26.28
2.8,7.9,26.42
2.8,6.8,26.33
2.7,5.2,26.26
2.7,4.6,24.06
2.8,4.0,21.59
2.9,3.7,21.64
3.0,3.8,21.59
3.2,4.1,21.58
3.3,4.1,21.57
3.6,3.9,21.59
4.0,3.9,21.56
4.5,4.2,21.59
4.7,5.1,15.44
5.2,5.7,8.27
5.6,6.1,4.51
6.9,7.1,0.25
8.0,8.2,0.09
10.0,7.9,0.04
11.2,6.2,0.04
12.4,5.8,0.03
13.7,5.2,2.68
15.8,8.8,7.45
24.1,11.8,12.52
25.0,11.0,24.55
30.4,10.2,30.21
24.9,11.2,33.48
26.2,11.5,33.49
27.5,11.5,33.46
28.2,11.4,33.49
28.8,11.1,35.65
29.6,11.0,37.85
29.7,10.8,45.8
31.0,10.9,53.39
30.9,11.0,62.13
31.0,11.0,67.05
29.9,11.2,68.09
28.5,11.4,67.95
28.7,11.4,51.06
27.7,11.6,47.11
28.9,11.6,47.11
34.8,11.6,47.25
53.8,11.7,47.16
25.0,11.7,47.11
17.6,11.6,44.42
13.9,11.7,41.32
9.2,11.7,41.32
6.9,11.7,41.28
4.6,11.6,39.5
3.7,11.7,30.18
3.1,11.6,23.72
3.0,11.6,19.42
2.9,12.5,19.43
3.0,12.0,19.41
3.1,11.0,19.36
3.0,9.3,19.34
3.2,8.4,19.31
3.4,7.2,19.31
3.9,6.3,18.39
4.2,5.5,18.3
4.6,5.1,18.18
4.9,4.8,18.19
5.6,4.2,20.42
6.1,3.7,19.94
6.7,3.4,18.78
7.0,3.8,18.77
7.1,4.5,18.79
6.7,5.1,18.77
6.5,7.3,18.85
6.4,8.4,18.9
6.6,10.0,18.89
7.4,10.8,18.87
8.2,12.1,18.84
9.9,12.8,18.86
11.8,14.1,18.88
16.3,14.7,18.88
19.9,15.3,29.58
22.5,15.5,35.32
18.8,15.9,38.49
12.2,16.1,38.55
10.5,16.6,38.53
12.6,16.7,38.54
15.9,17.0,38.64
22.8,17.0,38.51
26.1,17.3,38.99
25.5,17.5,40.43
22.6,17.5,40.42
25.1,17.7,40.46
30.5,17.7,40.39
36.6,18.0,40.45
38.4,18.1,40.38
38.6,18.3,40.43
37.6,18.4,40.44
38.4,18.3,40.44
38.5,18.0,40.42
38.9,16.7,40.45
39.2,15.5,40.37
39.9,14.5,47.45
40.2,14.7,55.53
40.4,15.7,57.44
39.5,16.3,57.45
39.0,17.3,57.41
37.6,17.8,57.48
37.2,18.4,57.38
35.8,18.8,57.44
35.1,19.2,57.05
34.3,19.5,52.2
34.1,20.0,50.7
33.6,20.4,50.73
33.4,20.7,50.72
33.5,21.1,50.69
33.2,21.3,50.7
31.8,21.6,50.72
30.4,21.9,50.73
28.7,22.1,50.7
27.7,22.4,48.49
27.2,22.5,44.52
26.1,23.1,44.46
25.7,23.6,44.49
25.0,23.7,44.5
24.3,23.7,44.56
23.4,24.3,44.55
23.1,24.4,42.5
23.1,24.7,41.0
23.3,25.5,37.39
24.0,25.3,37.36
24.4,25.5,34.65
24.4,25.4,34.3
23.3,26.7,34.35
19.3,27.5,34.36
15.0,28.1,43.12
8.6,29.0,43.82
5.5,29.7,43.82
3.8,29.9,43.79
3.4,30.0,43.62
3.1,30.2,40.71
3.0,30.2,32.4
3.0,31.8,32.21
2.9,29.9,28.62
2.9,28.7,28.43
2.9,26.4,28.32
2.9,24.0,28.42
2.9,23.1,28.38
2.9,21.5,28.34
2.9,20.9,28.31
2.9,19.6,26.98
2.9,18.8,18.95
2.9,16.5,12.98
2.9,14.4,12.99
3.0,11.4,13.0
3.1,8.2,13.04
3.1,5.7,13.0
3.4,4.9,13.01
3.5,4.3,13.0
3.9,4.8,10.94
4.1,4.9,10.84
4.7,4.0,10.84
4.9,4.1,10.91
5.4,5.2,10.87
5.6,5.8,10.85
5.8,6.8,10.77
6.3,7.5,10.74
6.7,8.8,10.72
7.4,9.4,10.94
8.3,10.3,11.44
9.8,10.4,11.89
14.2,10.7,43.34
15.9,10.6,51.47
37.7,10.7,52.05
33.5,10.7,51.94
26.7,10.6,51.98
30.0,10.6,51.93
28.9,10.3,52.01
30.3,10.2,51.83
27.2,9.8,51.76
24.7,9.2,51.86
26.9,9.0,51.78
29.6,8.6,51.86
31.7,8.5,51.78
32.9,8.6,51.81
33.0,8.9,51.78
